seed,group,age,ratio_heart_brain,mean_multiplier,q025_multiplier,q975_multiplier
20260819,DNMT3A,60,0.9633650854291551,1.0598258934039084,1.0,1.1582984927222797
20260819,DNMT3A,70,0.988830405175172,1.0939278525124945,1.0,1.1612421828886517
20260819,DNMT3A,80,1.019682411891129,1.1354289946404132,1.1088957997828908,1.1622208379918582
20260819,DNMT3A,90,1.0195030631474487,1.1440674657543715,1.113026838983244,1.1625368682702124
20260819,DNMT3A,100,1.014734783902634,1.1492519440844577,1.1155075355785193,1.1626376196176527
20260819,TET2,60,1.102006972465203,1.212349857593172,1.0,1.56556019175378
20260819,TET2,70,1.2110617564537403,1.3397789748007982,1.0,1.5695328554140502
20260819,TET2,80,1.3408482076866342,1.493051085970467,1.3664955615067687,1.5704854400889126
20260819,TET2,90,1.3629948686414934,1.5295276116079302,1.4089273232894455,1.5706941626682496
20260819,TET2,100,1.36560823024387,1.5466385289657059,1.433204658482877,1.5707352123243576
20260819,ASXL1,60,1.100273734707069,1.210443072425971,1.0,1.5652717740972923
20260819,ASXL1,70,1.2080870142573144,1.3364880633101286,1.0,1.569670670941812
20260819,ASXL1,80,1.338395419701007,1.4903198761701317,1.3674853557797682,1.5705147605986352
20260819,ASXL1,90,1.3610570749039652,1.5273530553455836,1.4083103482649824,1.570692134170335
20260819,ASXL1,100,1.3641550182851443,1.5449926736198303,1.4293640112033237,1.5707326006716011
20260819,JAK2,60,1.1056892158908382,1.216400800467613,1.0,1.569718069061474
20260819,JAK2,70,1.2100338648502103,1.3386418341459596,1.0,1.5706454758541957
20260819,JAK2,80,1.3438982572880425,1.4964473539771963,1.3663721935717021,1.5707352517945048
20260819,JAK2,90,1.3636845251507193,1.5303015313765624,1.389209057620719,1.5707446582177822
20260819,JAK2,100,1.3635653798308283,1.5443248704158012,1.4041178684310514,1.5707454558730227
20260819,No CHIP,60,0.908984288291972,1.0,1.0,1.0
20260819,No CHIP,70,0.903926527607887,1.0,1.0,1.0
20260819,No CHIP,80,0.8980591623997228,1.0,1.0,1.0
20260819,No CHIP,90,0.8911214536419074,1.0,1.0,1.0
20260819,No CHIP,100,0.8829524188545221,1.0,1.0,1.0
20260820,DNMT3A,60,0.9628319527391591,1.0592393786567749,1.0,1.1585601267265455
20260820,DNMT3A,70,0.9886771700279369,1.093758330828425,1.0,1.1613329199944311
20260820,DNMT3A,80,1.0196477458952697,1.1353903936246779,1.1088531730836078,1.1622408258661534
20260820,DNMT3A,90,1.019464456964785,1.1440241426108135,1.1127415521632957,1.162549667373604
20260820,DNMT3A,100,1.0146998892490453,1.1492124236608838,1.1150421450474841,1.1626404669103867
20260820,TET2,60,1.1040606435406493,1.2146091607537417,1.0,1.5659933272293736
20260820,TET2,70,1.2093872027997892,1.3379264418760453,1.0,1.5696653154755678
20260820,TET2,80,1.339894500082856,1.4919891207417733,1.365594752116032,1.5705175005337126
20260820,TET2,90,1.3623291176247783,1.5287805181404859,1.4045612438955062,1.5706959510395444
20260820,TET2,100,1.3650506191613052,1.5460069988054645,1.4262796263113566,1.570736133925252
20260820,ASXL1,60,1.097742557771346,1.2076584512082826,1.0,1.5658002262765893
20260820,ASXL1,70,1.2008803510347728,1.3285154427459185,1.0,1.5697618079019038
20260820,ASXL1,80,1.3378403928123501,1.4897018468554772,1.3650369210690072,1.570528679252162
20260820,ASXL1,90,1.3606457683494606,1.5268914947436887,1.4047416913611952,1.5707109229722749
20260820,ASXL1,100,1.3638837037134155,1.5446853925411048,1.430592975348854,1.5707399023860928
20260820,JAK2,60,1.1128203655919033,1.2242459852446403,1.0,1.569801869221121
20260820,JAK2,70,1.2148774559238673,1.34400022437539,1.0,1.5706251969511424
20260820,JAK2,80,1.3452966310867136,1.4980044605211957,1.3651707422297878,1.5707334912808073
20260820,JAK2,90,1.364705245292232,1.5314469646251292,1.39167130954908,1.5707444870242826
20260820,JAK2,100,1.3645248805634684,1.5454115662695653,1.4078590251022964,1.5707454589261005
20260820,No CHIP,60,0.908984288291972,1.0,1.0,1.0
20260820,No CHIP,70,0.903926527607887,1.0,1.0,1.0
20260820,No CHIP,80,0.8980591623997228,1.0,1.0,1.0
20260820,No CHIP,90,0.8911214536419074,1.0,1.0,1.0
20260820,No CHIP,100,0.8829524188545221,1.0,1.0,1.0
20260821,DNMT3A,60,0.9622741946360717,1.0586257727779147,1.0,1.1580004778320847
20260821,DNMT3A,70,0.9877962711169014,1.0927838059260897,1.0,1.1610743789233657
20260821,DNMT3A,80,1.019388868414875,1.1351021303440016,1.1088795205505784,1.1621812209344142
20260821,DNMT3A,90,1.0192437032217987,1.1437764168467395,1.1129173558352305,1.1625283624117357
20260821,DNMT3A,100,1.0145151403703865,1.1490031837576753,1.1152899100233296,1.1626355322371136
20260821,TET2,60,1.1060682725417503,1.2168178116918933,1.0,1.5664960044217937
20260821,TET2,70,1.2124145170037988,1.3412755129692688,1.0,1.5697822331026008
20260821,TET2,80,1.3409541698256628,1.4931690761246408,1.366041529391077,1.5705433176224566
20260821,TET2,90,1.363020019680877,1.529555835638763,1.4096696699283613,1.5707079019813057
20260821,TET2,100,1.3656111702591338,1.5466418587207427,1.430131995767412,1.5707390519717648
20260821,ASXL1,60,1.10529857178009,1.215971041542426,1.0,1.566863483561355
20260821,ASXL1,70,1.211433282187997,1.3401899880003332,1.0,1.569805248007878
20260821,ASXL1,80,1.34160094154847,1.493889264448402,1.3677405142776329,1.5705642708435585
20260821,ASXL1,90,1.3638330355022577,1.530468186944029,1.4137688781630702,1.5707048160019068
20260821,ASXL1,100,1.3664530388417933,1.5475953286526236,1.4384109286711606,1.5707385946832648
20260821,JAK2,60,1.104158498152306,1.2147168134523825,1.0,1.5700394365273718
20260821,JAK2,70,1.2094664858224131,1.3380141514632766,1.0,1.5706711702396234
20260821,JAK2,80,1.3431278852796031,1.4955895352045658,1.3648028943221662,1.5707390178867764
20260821,JAK2,90,1.362948467545485,1.5294755411569059,1.3865566504880367,1.5707449197598515
20260821,JAK2,100,1.3631052255214036,1.5438037162747644,1.4012177555903524,1.5707454728847707
20260821,No CHIP,60,0.908984288291972,1.0,1.0,1.0
20260821,No CHIP,70,0.903926527607887,1.0,1.0,1.0
20260821,No CHIP,80,0.8980591623997228,1.0,1.0,1.0
20260821,No CHIP,90,0.8911214536419074,1.0,1.0,1.0
20260821,No CHIP,100,0.8829524188545221,1.0,1.0,1.0
20260822,DNMT3A,60,0.9627159079037878,1.0591117143650308,1.0,1.158313444541429
20260822,DNMT3A,70,0.9880319067023501,1.0930444859462594,1.0,1.1611645995371103
20260822,DNMT3A,80,1.0194646929906948,1.1351865619482815,1.1088644664743335,1.162214696507397
20260822,DNMT3A,90,1.0193164788087332,1.1438580842632706,1.1128014844715244,1.1625387067945747
20260822,DNMT3A,100,1.0145868271374223,1.1490843735992853,1.115250660626259,1.1626356746305488
20260822,TET2,60,1.1063980049383129,1.217180559872263,1.0,1.5666335507525457
20260822,TET2,70,1.2125895373823423,1.341469135319314,1.0,1.5698317321457609
20260822,TET2,80,1.3413417474890839,1.493600648653098,1.3666821429958844,1.5705645092379374
20260822,TET2,90,1.363537941826293,1.5301370382832502,1.4101278670696205,1.5707140930950698
20260822,TET2,100,1.3661148815639486,1.5472123439406238,1.432977433234614,1.5707398355836517
20260822,ASXL1,60,1.1125476231459048,1.2239459333630933,1.0,1.5658937349517645
20260822,ASXL1,70,1.2188845729918487,1.3484332362912872,1.0,1.569904475273654
20260822,ASXL1,80,1.3423780643081598,1.4947546002661596,1.3671300570609473,1.5705955554077302
20260822,ASXL1,90,1.3641186680676929,1.5307887185217033,1.4055761740604291,1.5707161041365498
20260822,ASXL1,100,1.366505456499476,1.5476546949973593,1.4270751184612653,1.570740250917277
20260822,JAK2,60,1.1078121181458613,1.2187362668583601,1.0,1.569731951643316
20260822,JAK2,70,1.2130652318900141,1.3419953888290221,1.0,1.570625318304583
20260822,JAK2,80,1.3449174060906335,1.4975821887912721,1.3658560700524232,1.5707320753971952
20260822,JAK2,90,1.3648476390528075,1.5316067562674398,1.3946876506825676,1.5707442850027329
20260822,JAK2,100,1.3649181267953068,1.5458569427399629,1.4112871885547202,1.570745421013516
20260822,No CHIP,60,0.908984288291972,1.0,1.0,1.0
20260822,No CHIP,70,0.903926527607887,1.0,1.0,1.0
20260822,No CHIP,80,0.8980591623997228,1.0,1.0,1.0
20260822,No CHIP,90,0.8911214536419074,1.0,1.0,1.0
20260822,No CHIP,100,0.8829524188545221,1.0,1.0,1.0
20260823,DNMT3A,60,0.9635529963847717,1.0600326197005419,1.0,1.1587042924346496
20260823,DNMT3A,70,0.9883165248577529,1.093359354629399,1.0,1.1613606416494897
20260823,DNMT3A,80,1.0197959106417376,1.135555376904924,1.1088691707288734,1.1622593725398445
20260823,DNMT3A,90,1.0196217716091136,1.144200678192676,1.113174253481612,1.1625486528250553
20260823,DNMT3A,100,1.014873026561613,1.1494085127239755,1.1158609245946736,1.1626408989573607
20260823,TET2,60,1.105941374918974,1.2166782079337086,1.0,1.5655071307554695
20260823,TET2,70,1.2102448434758768,1.3388752365511583,1.0,1.5695713757331986
20260823,TET2,80,1.3407496994479937,1.4929413958266937,1.365670431957727,1.5704961497300691
20260823,TET2,90,1.3633256976455095,1.5298988617923623,1.4086235978725914,1.570696300873253
20260823,TET2,100,1.3660012336326504,1.5470836304008322,1.4314512903260608,1.570736775763107
20260823,ASXL1,60,1.1037344123098163,1.214250264307417,1.0,1.564722322470349
20260823,ASXL1,70,1.2089680969238779,1.3374627914983752,1.0,1.5693014451508702
20260823,ASXL1,80,1.3411839460273824,1.4934249347710862,1.3661709709009848,1.5704399976341152
20260823,ASXL1,90,1.364483075067608,1.5311976493115813,1.4196713200648166,1.570688865800406
20260823,ASXL1,100,1.367332320201106,1.5485911709432576,1.4500787517737022,1.5707357218667841
20260823,JAK2,60,1.105043796592784,1.2156907559636898,1.0,1.5698374730209412
20260823,JAK2,70,1.2112006321554836,1.3399326108514082,1.0,1.5706343349677776
20260823,JAK2,80,1.3439862083716612,1.4965452885980999,1.366176390048049,1.5707340756570225
20260823,JAK2,90,1.3644896581437045,1.5312050367177197,1.397774834943811,1.5707446496767972
20260823,JAK2,100,1.3647237473000042,1.545636795548391,1.416287845685893,1.570745465501821
20260823,No CHIP,60,0.908984288291972,1.0,1.0,1.0
20260823,No CHIP,70,0.903926527607887,1.0,1.0,1.0
20260823,No CHIP,80,0.8980591623997228,1.0,1.0,1.0
20260823,No CHIP,90,0.8911214536419074,1.0,1.0,1.0
20260823,No CHIP,100,0.8829524188545221,1.0,1.0,1.0
20260824,DNMT3A,60,0.9633418228054615,1.0598003015163553,1.0,1.1586940838484945
20260824,DNMT3A,70,0.9889515822219682,1.0940619088136376,1.0,1.161361471815222
20260824,DNMT3A,80,1.0198411610491789,1.1356057637940464,1.1087848378042824,1.162259348039211
20260824,DNMT3A,90,1.0195638160273504,1.144135641511619,1.1128692775179425,1.1625520812129522
20260824,DNMT3A,100,1.014750685515682,1.1492699536767172,1.115277895250261,1.1626409319637396
20260824,TET2,60,1.1049067011490046,1.2155399332866148,1.0,1.5664034983108353
20260824,TET2,70,1.2124193634386442,1.3412808745055194,1.0,1.569801820548463
20260824,TET2,80,1.340866362198151,1.4930713012438888,1.3671921791292938,1.5705282320274796
20260824,TET2,90,1.3629660164984683,1.5294952342671004,1.4083726152965401,1.5707012987757099
20260824,TET2,100,1.3656193744663143,1.5466511505092981,1.4304352611017537,1.570737305134003
20260824,ASXL1,60,1.10725967290931,1.2181285058181892,1.0,1.5662210723983179
20260824,ASXL1,70,1.208466558832364,1.336907947629769,1.0,1.5696468135813375
20260824,ASXL1,80,1.3410231553066616,1.493245892312134,1.3656206690156465,1.5705311422657502
20260824,ASXL1,90,1.3635714112479094,1.530174597048646,1.3995671059054713,1.5707063062490643
20260824,ASXL1,100,1.3659630962342124,1.5470404373616338,1.4217058841341552,1.5707401200598003
20260824,JAK2,60,1.1074307207552263,1.2183166805183678,1.0,1.5700613366586635
20260824,JAK2,70,1.2145013757847227,1.3435841727078504,1.0,1.570685406610548
20260824,JAK2,80,1.3454782942628642,1.4982067447177794,1.3659668260111415,1.5707404849839697
20260824,JAK2,90,1.3650635955240076,1.5318490986219162,1.3881515372125124,1.5707451301367745
20260824,JAK2,100,1.3646068015385913,1.545504347005394,1.4017530622344263,1.570745484806572
20260824,No CHIP,60,0.908984288291972,1.0,1.0,1.0
20260824,No CHIP,70,0.903926527607887,1.0,1.0,1.0
20260824,No CHIP,80,0.8980591623997228,1.0,1.0,1.0
20260824,No CHIP,90,0.8911214536419074,1.0,1.0,1.0
20260824,No CHIP,100,0.8829524188545221,1.0,1.0,1.0
20260825,DNMT3A,60,0.9630491060788963,1.0594782753489775,1.0,1.158408237097192
20260825,DNMT3A,70,0.988287102640471,1.0933268052834253,1.0,1.1613104057625865
20260825,DNMT3A,80,1.0196070291640538,1.135345055040183,1.1088717086211644,1.162249297722626
20260825,DNMT3A,90,1.0194509230258268,1.1440089550750374,1.1132096602950596,1.1625500547274366
20260825,DNMT3A,100,1.0147065618583675,1.1492199808170565,1.1155869206116693,1.1626404373021553
20260825,TET2,60,1.1030857083304635,1.213536606230255,1.0,1.5659225832284662
20260825,TET2,70,1.2094344779358461,1.3379787416311837,1.0,1.5696961557670304
20260825,TET2,80,1.3409251784497827,1.4931367938685334,1.3656208666642355,1.5705289220178569
20260825,TET2,90,1.3632610101066835,1.5298262706337031,1.4068104841346394,1.5707033044326333
20260825,TET2,100,1.365885745952417,1.5469528332278846,1.4309678084636475,1.5707379127225438
20260825,ASXL1,60,1.1089601871491217,1.2199992908930413,1.0,1.5659110017714908
20260825,ASXL1,70,1.2119703967508118,1.3407841895713792,1.0,1.569793077714256
20260825,ASXL1,80,1.3396380870853468,1.4917036016933134,1.36616606009574,1.5705583277481594
20260825,ASXL1,90,1.3621445378273593,1.5285733861085227,1.4077262812667048,1.5707064673004778
20260825,ASXL1,100,1.3650524348523936,1.5460090551915728,1.430300955828546,1.570738039719886
20260825,JAK2,60,1.1123001664877068,1.2236736991106587,1.0,1.5699957700052807
20260825,JAK2,70,1.2209542600894174,1.3507228992609601,1.0,1.5706642990610389
20260825,JAK2,80,1.3458335603121576,1.4986023378637188,1.365452774665367,1.5707366194732801
20260825,JAK2,90,1.3647897436976846,1.531541787171604,1.3870324491317725,1.5707448653527603
20260825,JAK2,100,1.3642977053947065,1.5451542758834576,1.4011589590254994,1.5707454762248603
20260825,No CHIP,60,0.908984288291972,1.0,1.0,1.0
20260825,No CHIP,70,0.903926527607887,1.0,1.0,1.0
20260825,No CHIP,80,0.8980591623997228,1.0,1.0,1.0
20260825,No CHIP,90,0.8911214536419074,1.0,1.0,1.0
20260825,No CHIP,100,0.8829524188545221,1.0,1.0,1.0
20260826,DNMT3A,60,0.962567842859254,1.0589488237117588,1.0,1.158305685500262
20260826,DNMT3A,70,0.9879001286023197,1.0928987018631446,1.0,1.161239244085381
20260826,DNMT3A,80,1.0194190523371847,1.1351357405153282,1.1087658001973841,1.1622254068974565
20260826,DNMT3A,90,1.0193249041305714,1.143867539003479,1.1128749030438374,1.1625452748805618
20260826,DNMT3A,100,1.0146207121003712,1.1491227504837302,1.1152856189520388,1.1626385590787762
20260826,TET2,60,1.1082749889043262,1.2192454844151726,1.0,1.566304609582631
20260826,TET2,70,1.2103700142266296,1.3390137110254985,1.0,1.5697162273212313
20260826,TET2,80,1.3409537112562626,1.4931685655019342,1.3657912688800293,1.5705455908843595
20260826,TET2,90,1.3633778129113938,1.529957344579048,1.4096852503338453,1.5707076390056025
20260826,TET2,100,1.3660393887374207,1.547126843493583,1.4361103360138918,1.570738647945695
20260826,ASXL1,60,1.1067177731845865,1.2175323462016774,1.0,1.5637903684788828
20260826,ASXL1,70,1.2149363483079991,1.3440653761132062,1.0,1.5692641044680382
20260826,ASXL1,80,1.3409035294689726,1.4931126874602738,1.366668320940712,1.5704146552370422
20260826,ASXL1,90,1.3628753594383995,1.5293935005924164,1.417231951938743,1.570679194390947
20260826,ASXL1,100,1.3657605588036366,1.5468110507873962,1.4437325941347658,1.5707323148807069
20260826,JAK2,60,1.1042300334707111,1.2147955115325655,1.0,1.569753735884004
20260826,JAK2,70,1.2138191501145585,1.342829436952977,1.0,1.5706517280913825
20260826,JAK2,80,1.3443725104924054,1.4969754407939886,1.3650524499251795,1.57073757766834
20260826,JAK2,90,1.3642223086887706,1.5309050221082168,1.391294058898632,1.5707447587411356
20260826,JAK2,100,1.3642804995909565,1.5451347892119423,1.406722274840327,1.5707454668192746
20260826,No CHIP,60,0.908984288291972,1.0,1.0,1.0
20260826,No CHIP,70,0.903926527607887,1.0,1.0,1.0
20260826,No CHIP,80,0.8980591623997228,1.0,1.0,1.0
20260826,No CHIP,90,0.8911214536419074,1.0,1.0,1.0
20260826,No CHIP,100,0.8829524188545221,1.0,1.0,1.0
20260827,DNMT3A,60,0.963215215586528,1.0596610172398675,1.0,1.1583559237297434
20260827,DNMT3A,70,0.9885869175506355,1.0936584859023777,1.0,1.1612289510344642
20260827,DNMT3A,80,1.0197013264398922,1.1354500562247223,1.1088640341175182,1.162225202169291
20260827,DNMT3A,90,1.0195597367225642,1.144131063791299,1.113030816196005,1.1625445432496464
20260827,DNMT3A,100,1.0147960493768446,1.1493213311464356,1.1153249413446786,1.1626380504366411
20260827,TET2,60,1.1021356225734702,1.2124913893115132,1.0,1.566020748298113
20260827,TET2,70,1.2124292991727952,1.341291866255233,1.0,1.569710696128515
20260827,TET2,80,1.3415405364556237,1.4938220026293867,1.3667586556570706,1.5705294213463705
20260827,TET2,90,1.3637846178139372,1.5304138535104408,1.4078972936216796,1.5707009532226017
20260827,TET2,100,1.3663727180518048,1.5475043602286485,1.4330937728841977,1.5707368305494216
20260827,ASXL1,60,1.1111318711969267,1.2223884235499827,1.0,1.5662994431564918
20260827,ASXL1,70,1.2051525306077133,1.3332416892299621,1.0,1.5696013635841908
20260827,ASXL1,80,1.3402979236889228,1.4924383379236223,1.364838099054203,1.570470224428132
20260827,ASXL1,90,1.3627756951107313,1.529281659128763,1.3988947534766811,1.5706947607028798
20260827,ASXL1,100,1.3655314129907425,1.5465515285209628,1.4236026288799182,1.5707370264954528
20260827,JAK2,60,1.1029217388263588,1.2133562186193616,1.0,1.5693216986007656
20260827,JAK2,70,1.2113273451460962,1.3400727914819601,1.0,1.5705651046487048
20260827,JAK2,80,1.3435270735949403,1.4960340363377322,1.3655334785570372,1.570726203317137
20260827,JAK2,90,1.3635891261124033,1.5301944763416666,1.38806325693344,1.5707436503627872
20260827,JAK2,100,1.3635394320746712,1.5442954829249207,1.4020636030015974,1.5707453755312506
20260827,No CHIP,60,0.908984288291972,1.0,1.0,1.0
20260827,No CHIP,70,0.903926527607887,1.0,1.0,1.0
20260827,No CHIP,80,0.8980591623997228,1.0,1.0,1.0
20260827,No CHIP,90,0.8911214536419074,1.0,1.0,1.0
20260827,No CHIP,100,0.8829524188545221,1.0,1.0,1.0
20260828,DNMT3A,60,0.9627350180622269,1.0591327380050268,1.0,1.158105381808049
20260828,DNMT3A,70,0.9885785283257729,1.0936492050320785,1.0,1.1611704846302988
20260828,DNMT3A,80,1.0195122151449663,1.1352394784556357,1.1088350182836313,1.1622281134489858
20260828,DNMT3A,90,1.0193157358186111,1.143857250493509,1.112948109159225,1.1625405658651011
20260828,DNMT3A,100,1.0145613791509032,1.149055552129435,1.115205603000715,1.1626368284152817
20260828,TET2,60,1.1037881454780871,1.2143093777255067,1.0,1.5661861862273891
20260828,TET2,70,1.211299001753418,1.340041435623035,1.0,1.5697480315840084
20260828,TET2,80,1.341494616474849,1.4937708701620647,1.366424620140335,1.570528642029086
20260828,TET2,90,1.3637955301730613,1.5304260991578547,1.4092326507863908,1.5707004808454454
20260828,TET2,100,1.3663066458276119,1.5474295292153548,1.4306003540532846,1.5707364818274687
20260828,ASXL1,60,1.1101352703245835,1.2212920340026827,1.0,1.5664229423636162
20260828,ASXL1,70,1.2176769532946121,1.347097265213602,1.0,1.5697783463459314
20260828,ASXL1,80,1.3412909961802448,1.4935441364421391,1.3663366027924246,1.5705332575311983
20260828,ASXL1,90,1.3631915959333982,1.5297483753333467,1.4067506961991874,1.5707070631364415
20260828,ASXL1,100,1.3657979282035222,1.5468533740191894,1.4296071665572612,1.5707382276080442
20260828,JAK2,60,1.1133554246954607,1.2248346192952493,1.0,1.5701216226150128
20260828,JAK2,70,1.2210564174187308,1.350835914341493,1.0,1.5706746515679735
20260828,JAK2,80,1.3467152628123549,1.4995841245177752,1.3652954279245004,1.5707389075482519
20260828,JAK2,90,1.3659358714381769,1.532827950506364,1.3925256311126044,1.57074490949119
20260828,JAK2,100,1.3656268277538708,1.5466595918334254,1.4108878070457551,1.5707454827415648
20260828,No CHIP,60,0.908984288291972,1.0,1.0,1.0
20260828,No CHIP,70,0.903926527607887,1.0,1.0,1.0
20260828,No CHIP,80,0.8980591623997228,1.0,1.0,1.0
20260828,No CHIP,90,0.8911214536419074,1.0,1.0,1.0
20260828,No CHIP,100,0.8829524188545221,1.0,1.0,1.0
