group,age,ratio_heart_brain_mean,ratio_heart_brain_min,ratio_heart_brain_max,mean_multiplier_mean,mean_multiplier_min,mean_multiplier_max
DNMT3A,60,0.9629649142485313,0.9622741946360717,0.9635529963847717,1.0593856534726158,1.0586257727779147,1.0600326197005419
DNMT3A,70,0.988395653722128,0.9877962711169014,0.9889515822219682,1.0934468936737332,1.0927838059260897,1.0940619088136376
DNMT3A,80,1.0196060413968984,1.019388868414875,1.0198411610491789,1.1353439551492213,1.1351021303440016,1.1356057637940464
DNMT3A,90,1.0194364589476803,1.0192437032217987,1.0196217716091136,1.1439927237542815,1.1437764168467395,1.144200678192676
DNMT3A,100,1.014684505522327,1.0145151403703865,1.014873026561613,1.1491950006079652,1.1490031837576753,1.1494085127239755
TET2,60,1.104666643484024,1.102006972465203,1.1082749889043262,1.215275838881384,1.212349857593172,1.2192454844151726
TET2,70,1.211165001364288,1.2093872027997892,1.2125895373823423,1.3398931930557054,1.3379264418760453,1.341469135319314
TET2,80,1.3409568729366899,1.339894500082856,1.3415405364556237,1.493172086072248,1.4919891207417733,1.4938220026293867
TET2,90,1.3632392632922496,1.3623291176247783,1.3637955301730613,1.5298018667610938,1.5287805181404859,1.5304260991578547
TET2,100,1.3658610007896477,1.3650506191613052,1.3663727180518048,1.5469248077508138,1.5460069988054645,1.5475043602286485
ASXL1,60,1.1063801674478755,1.097742557771346,1.1125476231459048,1.2171609363312763,1.2076584512082826,1.2239459333630933
ASXL1,70,1.2106456105189312,1.2008803510347728,1.2188845729918487,1.339318598960396,1.3285154427459185,1.3484332362912872
ASXL1,80,1.3404552456127519,1.3378403928123501,1.3423780643081598,1.492613517834274,1.4897018468554772,1.4947546002661596
ASXL1,90,1.3628696221448782,1.3606457683494606,1.364483075067608,1.529387062307828,1.5268914947436887,1.5311976493115813
ASXL1,100,1.3656434968625442,1.3638837037134155,1.367332320201106,1.546678470663493,1.5446853925411048,1.5485911709432576
JAK2,60,1.1075762078609155,1.1029217388263588,1.1133554246954607,1.2184767351062888,1.2133562186193616,1.2248346192952493
JAK2,70,1.2140302219195513,1.2094664858224131,1.2210564174187308,1.3430629424410296,1.3380141514632766,1.350835914341493
JAK2,80,1.3447153089591377,1.3431278852796031,1.3467152628123549,1.4973571511323325,1.4955895352045658,1.4995841245177752
JAK2,90,1.3644276180645991,1.362948467545485,1.3659358714381769,1.5311354164893525,1.5294755411569059,1.532827950506364
JAK2,100,1.3643188626363807,1.3631052255214036,1.3656268277538708,1.5451782378107626,1.5438037162747644,1.5466595918334254
No CHIP,60,0.9089842882919721,0.908984288291972,0.908984288291972,1.0,1.0,1.0
No CHIP,70,0.903926527607887,0.903926527607887,0.903926527607887,1.0,1.0,1.0
No CHIP,80,0.8980591623997227,0.8980591623997228,0.8980591623997228,1.0,1.0,1.0
No CHIP,90,0.8911214536419074,0.8911214536419074,0.8911214536419074,1.0,1.0,1.0
No CHIP,100,0.8829524188545221,0.8829524188545221,0.8829524188545221,1.0,1.0,1.0
