seed,composition,multiple_rule,second_clone_carrier_fraction,T50,delta_T50,P_heart_before_brain,delta_P
20260819,Lothian,single,0.16251126464403726,154.73806238318272,-1.939153010371058,0.45896,0.018389999999999962
20260819,Lothian,max,0.16251126464403726,154.61681941796135,-2.060395975592428,0.45979,0.01921999999999996
20260819,Lothian,product,0.16251126464403726,154.36648563369417,-2.310729759859612,0.46212,0.021549999999999958
20260820,Lothian,single,0.1627930174563591,154.72224375289144,-1.919694832550249,0.45537,0.018720000000000014
20260820,Lothian,max,0.1627930174563591,154.60835206805478,-2.033586517386908,0.45616,0.019510000000000027
20260820,Lothian,product,0.1627930174563591,154.35980569625855,-2.2821328891831456,0.45831,0.021660000000000013
20260821,Lothian,single,0.1619442601194426,154.56491290592913,-1.842608155171149,0.45917,0.018240000000000034
20260821,Lothian,max,0.1619442601194426,154.44067459692042,-1.9668464641798664,0.46011,0.01918000000000003
20260821,Lothian,product,0.1619442601194426,154.1688938087048,-2.2386272523954744,0.46239,0.021460000000000035
20260822,Lothian,single,0.16459886967862755,154.43538097659228,-1.7121808535980279,0.46057,0.01899999999999996
20260822,Lothian,max,0.16459886967862755,154.3024468443271,-1.845114985863205,0.46142,0.01984999999999998
20260822,Lothian,product,0.16459886967862755,154.06297609619816,-2.0845857339921565,0.46362,0.02204999999999996
20260823,Lothian,single,0.16476416831252302,154.62845002219933,-1.802319097678435,0.45532,0.017969999999999986
20260823,Lothian,max,0.16476416831252302,154.54080763609852,-1.8899614837792456,0.45628,0.018930000000000002
20260823,Lothian,product,0.16476416831252302,154.25885726142047,-2.1719118584572925,0.4588,0.02144999999999997
20260824,Lothian,single,0.1623931623931624,154.65829673511246,-2.01992839556641,0.46108,0.018440000000000012
20260824,Lothian,max,0.1623931623931624,154.52405660493343,-2.1541685257454333,0.46207,0.019430000000000003
20260824,Lothian,product,0.1623931623931624,154.22012277358954,-2.458102357089331,0.46431,0.021670000000000023
20260825,Lothian,single,0.16023461974271813,154.90675557474412,-1.9566767994128327,0.45965,0.01804
20260825,Lothian,max,0.16023461974271813,154.81432163290037,-2.049110741256584,0.46056,0.018950000000000022
20260825,Lothian,product,0.16023461974271813,154.53721474959673,-2.326217624560229,0.4629,0.021289999999999976
20260826,Lothian,single,0.16124314442413162,154.63038751534944,-1.8058036806352789,0.45685,0.01824999999999999
20260826,Lothian,max,0.16124314442413162,154.52163805987988,-1.9145531361048427,0.45779,0.019189999999999985
20260826,Lothian,product,0.16124314442413162,154.1830513546525,-2.253139841332228,0.45999,0.02139000000000002
20260827,Lothian,single,0.1645073417048701,154.779629216326,-1.954195667653721,0.45807,0.018349999999999977
20260827,Lothian,max,0.1645073417048701,154.70001443215645,-2.033810451823257,0.45903,0.019309999999999994
20260827,Lothian,product,0.1645073417048701,154.42450662482293,-2.3093182591567825,0.46111,0.02139000000000002
20260828,Lothian,single,0.16388249808275815,155.06180437912917,-1.847918237517888,0.45666,0.018620000000000025
20260828,Lothian,max,0.16388249808275815,154.91729130076533,-1.9924313158817313,0.45752,0.019479999999999997
20260828,Lothian,product,0.16388249808275815,154.66426262756073,-2.245459989086328,0.46002,0.02198
20260819,ARIC_four_gene,single,0.1638463335669704,154.7942474547175,-1.8829679388362877,0.45879,0.018179999999999974
20260819,ARIC_four_gene,max,0.1638463335669704,154.70175284600907,-1.9754625475447085,0.45958,0.018969999999999987
20260819,ARIC_four_gene,product,0.1638463335669704,154.43591660024134,-2.2412987933124384,0.46155,0.020940000000000014
20260820,ARIC_four_gene,single,0.15737323358270988,154.97243559412763,-1.7187199581365178,0.45597,0.018699999999999994
20260820,ARIC_four_gene,max,0.15737323358270988,154.86829115085754,-1.8228644014066049,0.45672,0.019450000000000023
20260820,ARIC_four_gene,product,0.15737323358270988,154.58078884861035,-2.1103667036537956,0.45886,0.021589999999999998
20260821,ARIC_four_gene,single,0.16207697412076974,154.53877831668103,-1.8473599661079163,0.45902,0.018059999999999965
20260821,ARIC_four_gene,max,0.16207697412076974,154.44227953748924,-1.943858745299707,0.45984,0.018880000000000008
20260821,ARIC_four_gene,product,0.16207697412076974,154.2234290130346,-2.1627092697543446,0.4621,0.021139999999999992
20260822,ARIC_four_gene,single,0.16817710597598903,154.27910825573468,-1.8587863921835606,0.46043,0.01867000000000002
20260822,ARIC_four_gene,max,0.16817710597598903,154.15664780170707,-1.981246846211178,0.46157,0.019809999999999994
20260822,ARIC_four_gene,product,0.16817710597598903,153.8604268227868,-2.2774678251314526,0.46375,0.02199000000000001
20260823,ARIC_four_gene,single,0.16061326281257324,154.59603417565654,-1.8098138068515368,0.45561,0.01830000000000004
20260823,ARIC_four_gene,max,0.16061326281257324,154.4864921197327,-1.919355862775376,0.45655,0.019240000000000035
20260823,ARIC_four_gene,product,0.16061326281257324,154.228713141433,-2.1771348410750875,0.45861,0.02130000000000004
20260824,ARIC_four_gene,single,0.15792089047903002,154.75253511746047,-1.917120280160134,0.46074,0.018189999999999984
20260824,ARIC_four_gene,max,0.15792089047903002,154.6261252826107,-2.043530115009901,0.46145,0.018900000000000028
20260824,ARIC_four_gene,product,0.15792089047903002,154.32491982912654,-2.344735568494059,0.46349,0.020940000000000014
20260825,ARIC_four_gene,single,0.16073451976271413,154.91824100590816,-1.9235760501281902,0.45935,0.017759999999999998
20260825,ARIC_four_gene,max,0.16073451976271413,154.8157946488176,-2.026022407218761,0.46032,0.018730000000000024
20260825,ARIC_four_gene,product,0.16073451976271413,154.56397693976965,-2.2778401162667024,0.46255,0.020960000000000034
20260826,ARIC_four_gene,single,0.1602459697523683,154.5150659738474,-1.909291512753299,0.45637,0.017869999999999997
20260826,ARIC_four_gene,max,0.1602459697523683,154.4075067261084,-2.0168507604923036,0.45736,0.018859999999999988
20260826,ARIC_four_gene,product,0.1602459697523683,154.10063437480954,-2.3237231117911676,0.45918,0.020679999999999976
20260827,ARIC_four_gene,single,0.1650056474652847,154.88190521561415,-1.920449299850418,0.45897,0.01900999999999997
20260827,ARIC_four_gene,max,0.1650056474652847,154.76672235404362,-2.035632161420949,0.45998,0.020019999999999982
20260827,ARIC_four_gene,product,0.1650056474652847,154.52231870360356,-2.280035811861012,0.46232,0.02235999999999999
20260828,ARIC_four_gene,single,0.16121503117601949,155.08257168779784,-1.8536280221356947,0.45605,0.018120000000000025
20260828,ARIC_four_gene,max,0.16121503117601949,154.95372116576416,-1.9824785441693678,0.457,0.01907000000000003
20260828,ARIC_four_gene,product,0.16121503117601949,154.69869907448162,-2.2375006354519087,0.45898,0.021050000000000013
