mu_log_correlation,draw,null_T50,primary_T50,delta_T50,null_P,primary_P,delta_P
-0.5,0,175.48440871983817,173.03187419167094,-2.4525345281672344,0.43302,0.4536,0.020579999999999987
-0.5,1,129.40286089878109,127.44087414104615,-1.961986757734934,0.7688,0.7774,0.008599999999999941
-0.5,2,149.88027661460222,148.80363499592664,-1.0766416186755805,0.31622,0.33198,0.015759999999999996
-0.5,3,206.30788631502503,204.06645190926278,-2.2414344057622486,0.36648,0.38788,0.02140000000000003
-0.5,4,148.55477931380534,147.05145102203417,-1.5033282917711688,0.48466,0.49824,0.013580000000000036
-0.5,5,96.81958371594442,95.4731263784119,-1.346457337532513,0.94966,0.95116,0.0015000000000000568
-0.5,6,169.3652688330212,168.27872900743222,-1.0865398255889716,0.2759,0.2899,0.014000000000000012
-0.5,7,167.15716840223,164.47895884799635,-2.6782095542336606,0.47664,0.4978,0.021160000000000012
-0.5,8,146.851075683266,146.61436282038707,-0.23671286287893167,0.1168,0.12224,0.00544
-0.5,9,145.65220865482019,143.84844123058807,-1.8037674242321202,0.46274,0.48082,0.01808000000000004
-0.5,10,192.0319801594707,190.18086785027472,-1.851112309195969,0.45086,0.46426,0.013400000000000023
-0.5,11,171.6978457200998,168.40951496567484,-3.2883307544249476,0.6339,0.65174,0.017839999999999967
-0.5,12,147.71625880035162,146.91585326890282,-0.8004055314488028,0.21106,0.22324,0.012179999999999996
-0.5,13,148.8247446819791,146.8409726501552,-1.9837720318238894,0.54528,0.56078,0.015499999999999958
-0.5,14,122.79062082279233,121.65613490788445,-1.1344859149078843,0.42232,0.43838,0.01606000000000002
-0.5,15,122.03821275598713,120.63969703428884,-1.3985157216982884,0.56956,0.5829,0.013340000000000019
-0.5,16,178.16129735365186,174.8581828039405,-3.3031145497113528,0.60256,0.62196,0.019399999999999973
-0.5,17,98.13255067209923,98.16422783920702,0.03167716710778734,0.04996,0.05104,0.0010800000000000046
-0.5,18,142.08234541135124,139.21430529362692,-2.8680401177243198,0.66252,0.6794,0.016880000000000006
-0.5,19,134.2699900773165,131.1995224258742,-3.0704676514423,0.73848,0.75256,0.014079999999999981
-0.5,20,123.60267514667697,123.54528371408409,-0.05739143259287971,0.0545,0.0563,0.001800000000000003
-0.5,21,150.6279426514637,149.63003961791884,-0.9979030335448726,0.25222,0.26784,0.015620000000000023
-0.5,22,126.45608840636494,125.4400573865777,-1.0160310197872349,0.3229,0.33986,0.016959999999999975
-0.5,23,131.0804848115909,130.57409152763347,-0.5063932839574363,0.15592,0.16564,0.009720000000000006
-0.5,24,106.5017471271662,105.88729224189503,-0.6144548852711722,0.3759,0.38704,0.011139999999999983
-0.5,25,218.64543979189853,217.24222689043796,-1.403212901460563,0.27076,0.28612,0.015359999999999985
-0.5,26,162.5617508799233,160.50466562152346,-2.0570852583998374,0.4738,0.4906,0.01679999999999998
-0.5,27,138.85061646758572,137.8160054573958,-1.0346110101899342,0.34638,0.3621,0.015719999999999956
-0.5,28,161.1911017737157,159.27018990068473,-1.920911873030974,0.4571,0.47418,0.017079999999999984
-0.5,29,171.18163501218794,170.41598965715184,-0.7656453550360993,0.15228,0.16212,0.009839999999999988
-0.5,30,209.80013274555796,207.51712237464795,-2.283010370910006,0.39558,0.41472,0.01913999999999999
-0.5,31,161.5174165556238,156.9345409588919,-4.582875596731924,0.67284,0.69496,0.02212000000000003
-0.5,32,234.3761478200626,230.97413652351423,-3.4020112965483804,0.3819,0.40662,0.024719999999999964
-0.5,33,179.759394473485,178.15479925103546,-1.6045952224495466,0.29758,0.31674,0.01916000000000001
-0.5,34,215.09800615542576,212.75293107810666,-2.345075077319109,0.44098,0.45748,0.016500000000000015
-0.5,35,160.4925965546638,157.32988208361638,-3.1627144710474226,0.54366,0.56706,0.023399999999999976
-0.5,36,125.29466011568502,124.82993000392139,-0.4647301117636289,0.21298,0.22242,0.009440000000000004
-0.5,37,137.82873204016266,133.5953229820243,-4.233409058138363,0.81898,0.83168,0.012699999999999934
-0.5,38,171.77194159963676,171.1474620594532,-0.6244795401835574,0.21968,0.22876,0.009080000000000005
-0.5,39,152.33863823542657,150.40482694237306,-1.933811293053509,0.38878,0.41026,0.02148
-0.5,40,116.44284642208899,116.20182098875043,-0.24102543333856374,0.10006,0.1069,0.006839999999999999
-0.5,41,146.79278116678063,144.9351839357474,-1.8575972310332247,0.40192,0.42388,0.02195999999999998
-0.5,42,177.00591775592204,174.8634312180455,-2.1424865378765503,0.3449,0.3665,0.021600000000000008
-0.5,43,138.8373438932297,137.7788553193235,-1.058488573906203,0.27084,0.28866,0.017820000000000003
-0.5,44,141.8046426421805,140.5436707533282,-1.2609718888523105,0.4176,0.43286,0.015259999999999996
-0.5,45,176.59328259159577,174.71747240950378,-1.875810182091982,0.40914,0.42738,0.01823999999999998
-0.5,46,171.1357105933626,168.20477840382455,-2.930932189538055,0.48536,0.50716,0.02180000000000004
-0.5,47,122.46703048600419,120.12596603776552,-2.3410644482386687,0.71388,0.72784,0.013960000000000083
-0.5,48,197.24288625488367,194.50557583232234,-2.737310422561336,0.42818,0.4488,0.02061999999999997
-0.5,49,164.05278189899545,161.32406907848758,-2.728712820507866,0.57858,0.59686,0.018279999999999963
-0.5,50,151.73727869176153,150.91069109671216,-0.8265875950493751,0.19468,0.20744,0.012760000000000021
-0.5,51,168.8856253274215,167.40771282156095,-1.4779125058605587,0.2529,0.27206,0.01916000000000001
-0.5,52,148.21467111381418,146.57048544014023,-1.6441856736739453,0.35056,0.3726,0.022040000000000004
-0.5,53,156.3347273591774,153.3004397978163,-3.0342875613611113,0.76916,0.7797,0.010539999999999994
-0.5,54,177.28390680447438,173.8824665006049,-3.4014403038694923,0.46744,0.49308,0.025639999999999996
-0.5,55,141.12011132146904,140.05061528761954,-1.0694960338495036,0.28314,0.29976,0.016620000000000024
-0.5,56,154.278581039713,151.35666310378969,-2.921917935923318,0.58708,0.6082,0.021119999999999917
-0.5,57,149.06737140218868,147.3359439664704,-1.731427435718274,0.42018,0.43782,0.01763999999999999
-0.5,58,150.4966780284273,148.23167398866025,-2.2650040397670637,0.33298,0.36044,0.027459999999999984
-0.5,59,155.03507838348258,154.299872141711,-0.7352062417715786,0.20346,0.21416,0.010699999999999987
0.5,0,126.96117009129495,126.33743835916036,-0.623731732134587,0.17058,0.18166,0.011079999999999979
0.5,1,233.0820988593315,230.37725522133604,-2.7048436379954524,0.4957,0.51094,0.015239999999999976
0.5,2,197.26023413464355,194.99127503578597,-2.2689590988575787,0.37054,0.3921,0.021560000000000024
0.5,3,207.40227140768195,206.1038422014169,-1.298429206265041,0.17988,0.19394,0.01405999999999999
0.5,4,184.81270231141042,182.83182243058346,-1.9808798808269614,0.43032,0.44544,0.015120000000000022
0.5,5,203.9456053288081,201.00515994278481,-2.940445386023299,0.51692,0.5341,0.017179999999999973
0.5,6,156.58560315786804,155.1356051343373,-1.4499980235307248,0.38806,0.40414,0.016079999999999983
0.5,7,186.81602181989518,185.94164515361535,-0.8743766662798294,0.19914,0.20998,0.010839999999999989
0.5,8,223.63119890220293,223.27379212339787,-0.357406778805057,0.07268,0.07742,0.004740000000000008
0.5,9,150.5656951357779,149.06574937507662,-1.49994576070128,0.41734,0.43464,0.017300000000000038
0.5,10,193.79040300074513,192.49838611165416,-1.2920168890909736,0.19004,0.2044,0.014360000000000012
0.5,11,212.77063903743527,210.08163219401274,-2.6890068434225327,0.55772,0.57164,0.013920000000000043
0.5,12,139.83502885327985,138.07611681489078,-1.7589120383890702,0.59112,0.60488,0.013759999999999994
0.5,13,143.1787988035987,140.7644813150501,-2.414317488548619,0.52112,0.54256,0.021440000000000015
0.5,14,147.58838039700112,145.46164963181437,-2.1267307651867497,0.5156,0.5332,0.01760000000000006
0.5,15,201.78744251587312,196.9197663411938,-4.867676174679332,0.65434,0.67502,0.02067999999999992
0.5,16,163.46239407363993,161.58568763800082,-1.8767064356391074,0.31942,0.34198,0.022560000000000024
0.5,17,164.52705388133165,163.80870581094302,-0.7183480703886289,0.19622,0.20632,0.010099999999999998
0.5,18,192.40397359493215,189.73111824489956,-2.6728553500325916,0.3954,0.41826,0.022860000000000047
0.5,19,147.42260184493475,144.84027596517308,-2.582325879761669,0.52974,0.55092,0.021179999999999977
0.5,20,95.782459546778,94.87319639610554,-0.9092631506724587,0.52332,0.5382,0.014880000000000004
0.5,21,107.9568906792222,106.16060776869081,-1.7962829105313887,0.5924,0.61174,0.019339999999999913
0.5,22,195.83905563737284,194.74437073208105,-1.0946849052917855,0.23998,0.25394,0.01396
0.5,23,122.8510639305704,121.6856324441878,-1.1654314863826016,0.34736,0.36522,0.017859999999999987
0.5,24,234.49820093154426,232.67221390447202,-1.8259870270722445,0.28666,0.30288,0.016219999999999957
0.5,25,128.57243149676802,127.13396386999806,-1.4384676267699632,0.39032,0.40958,0.01926
0.5,26,135.49782403722327,134.26796450143536,-1.2298595357879094,0.36166,0.3802,0.01854
0.5,27,157.1517039250489,156.23783193382468,-0.9138719912242266,0.2352,0.24884,0.013640000000000013
0.5,28,224.92147803838841,221.98153171227153,-2.939946326116882,0.3783,0.40182,0.023519999999999985
0.5,29,128.22629190492108,126.23047517151105,-1.995816733410038,0.71014,0.7213,0.011160000000000059
0.5,30,211.39550015462567,208.35915563106383,-3.036344523561837,0.52228,0.53974,0.01746000000000003
0.5,31,156.28230091087795,155.20880600269277,-1.0734949081851823,0.27456,0.29088,0.01632
0.5,32,164.1989061337949,162.78340140320785,-1.4155047305870596,0.2584,0.2788,0.020399999999999974
0.5,33,237.55464965328412,232.12288440409395,-5.431765249190164,0.52714,0.55428,0.027139999999999942
0.5,34,138.44419445309933,136.02744976389823,-2.4167446892010958,0.58682,0.60618,0.019360000000000044
0.5,35,221.83369985853494,218.5788686270409,-3.2548312314940517,0.49548,0.5142,0.018720000000000014
0.5,36,153.4607951469734,152.54969393841233,-0.9111012085610639,0.21432,0.22802,0.01369999999999999
0.5,37,200.95405086879725,199.37587070201982,-1.578180166777429,0.35416,0.36842,0.01426000000000005
0.5,38,124.00505008496319,122.42328448850084,-1.581765596462347,0.6462,0.6588,0.012600000000000056
0.5,39,187.88214985167468,186.8249558042569,-1.057194047417795,0.23398,0.24712,0.013140000000000013
0.5,40,233.6450610686643,229.0779390855084,-4.567121983155886,0.54456,0.56676,0.022199999999999998
0.5,41,132.03210703731327,130.62071904650034,-1.4113879908129263,0.40682,0.42616,0.01933999999999997
0.5,42,142.8214472636128,141.51850204147175,-1.3029452221410622,0.4736,0.48722,0.013619999999999965
0.5,43,226.9073586685342,225.40566267154213,-1.501695996992055,0.24072,0.25612,0.015400000000000025
0.5,44,172.67314304917818,171.77058684908948,-0.9025562000886964,0.25298,0.26748,0.014500000000000013
0.5,45,143.7872030576151,141.58842671109787,-2.198776346517235,0.48628,0.50726,0.020980000000000054
0.5,46,137.08855436420498,136.24329606849722,-0.8452582957077652,0.34052,0.3536,0.013080000000000036
0.5,47,183.88042761697443,183.12955533142267,-0.7508722855517647,0.21818,0.22838,0.010199999999999987
0.5,48,172.94897334886474,170.32312796741417,-2.6258453814505742,0.48056,0.50032,0.01976
0.5,49,161.81732553287947,160.3989767271276,-1.4183488057518616,0.3574,0.37336,0.01596000000000003
0.5,50,181.89465037228297,180.47902906295332,-1.4156213093296515,0.31942,0.33586,0.01644000000000001
0.5,51,163.58426178266203,161.93806010455285,-1.646201678109179,0.37006,0.3878,0.017739999999999978
0.5,52,147.79818156517888,144.6238683160725,-3.174313249106376,0.59908,0.62094,0.0218600000000001
0.5,53,217.0787092778136,214.75584464849138,-2.3228646293222255,0.5694,0.58128,0.011880000000000002
0.5,54,133.72143043314372,131.58507006145294,-2.1363603716907846,0.63574,0.6524,0.016660000000000008
0.5,55,169.3815467228355,166.70652128521823,-2.675025437617279,0.44384,0.46534,0.021499999999999964
0.5,56,201.09106865111,199.54318016208447,-1.5478884890255244,0.33776,0.35242,0.014660000000000006
0.5,57,147.64848074522888,146.97850019847715,-0.6699805467517308,0.21476,0.22624,0.01147999999999999
0.5,58,143.21115763922117,141.4731656084549,-1.7379920307662644,0.51446,0.5295,0.015039999999999942
0.5,59,149.9796722109225,147.83664472265212,-2.143027488270377,0.44276,0.46174,0.018979999999999997
