scenario,quantity,central,median,q025,q975,min,max,Pr_positive
persistent,null_T50,157.02283522088226,148.66839531417332,103.12607484932956,215.74298147631362,77.12853734074565,275.29661540266466,1.0
persistent,primary_T50,154.91603429335234,147.12964839491644,102.83335031897103,213.83728694843958,76.62507298865066,273.29410263134815,1.0
persistent,delta_T50,-2.1068009275299175,-1.8624168782329065,-4.335780895864054,-0.18499313781048954,-6.67224939371178,-0.037628447414647326,0.0
persistent,null_P,0.44258,0.47631,0.08732949999999999,0.8626540000000001,0.06036,0.9214,1.0
persistent,primary_P,0.46074,0.4993,0.0921265,0.8721135000000001,0.06152,0.92298,1.0
persistent,delta_P,0.01816000000000001,0.015369999999999981,0.004006999999999915,0.023863000000000033,0.0011600000000000013,0.029280000000000028,1.0
stop_at_100,null_T50,157.02283522088226,148.66839531417332,103.12607484932956,215.74298147631362,77.12853734074565,275.29661540266466,1.0
stop_at_100,primary_T50,156.69011073617932,148.38033670735456,103.01362283900093,215.81259150897947,76.62507298865066,275.50525493291025,1.0
stop_at_100,delta_T50,-0.33272448470293625,-0.31709238638919146,-1.4745416925642452,0.07496467913774661,-2.1317000740689593,0.20863953024559123,0.085
stop_at_100,null_P,0.44258,0.47631,0.08732949999999999,0.8626540000000001,0.06036,0.9214,1.0
stop_at_100,primary_P,0.44396,0.47726999999999997,0.087024,0.8653555,0.0593,0.92164,1.0
stop_at_100,delta_P,0.0013800000000000479,0.0013199999999999878,-0.0007835000000000027,0.004994000000000096,-0.0010800000000000254,0.01157999999999998,0.865
