draw,scenario,mu_brain,mu_heart,HR_DNMT3A,HR_nonDNMT3A,null_T50,primary_T50,delta_T50,null_P,primary_P,delta_P
0,persistent,1.4843493957235876,2.2744953075824,1.1173364390760707,1.5663101771935484,207.22907803257414,203.13712063619195,-4.091957396382185,0.66884,0.68542,0.01658000000000004
0,stop_at_100,1.4843493957235876,2.2744953075824,1.1173364390760707,1.5663101771935484,207.22907803257414,206.9651306598936,-0.2639473726805477,0.66884,0.6694,0.0005600000000000049
1,persistent,2.288271234616136,2.2856490636805376,0.9884896954614453,1.592536075312576,171.7034504513407,170.1748420012516,-1.5286084500891093,0.39862,0.4125,0.013880000000000003
1,stop_at_100,2.288271234616136,2.2856490636805376,0.9884896954614453,1.592536075312576,171.7034504513407,171.61708410457805,-0.08636634676264521,0.39862,0.39908,0.00046000000000001595
2,persistent,2.3441806632259143,5.479682217362726,1.088239358747799,1.6359793815457406,96.3018479453475,94.628252960783,-1.6735949845645024,0.85456,0.86084,0.006280000000000063
2,stop_at_100,2.3441806632259143,5.479682217362726,1.088239358747799,1.6359793815457406,96.3018479453475,94.628252960783,-1.6735949845645024,0.85456,0.85766,0.0030999999999999917
3,persistent,4.51444350548818,2.0570368298789394,1.172777082425179,1.5565010730319946,103.30105502635473,103.19370085562771,-0.10735417072702091,0.08614,0.08964,0.003500000000000003
3,stop_at_100,4.51444350548818,2.0570368298789394,1.172777082425179,1.5565010730319946,103.30105502635473,103.2241865462932,-0.07686848006153468,0.08614,0.0864,0.0002600000000000102
4,persistent,2.1411351163341505,3.3769865628311173,1.2182208521083049,1.8477630360156487,143.04199974113914,138.77967117498582,-4.262328566153315,0.68464,0.70632,0.02167999999999992
4,stop_at_100,2.1411351163341505,3.3769865628311173,1.2182208521083049,1.8477630360156487,143.04199974113914,141.77451914673878,-1.2674805944003538,0.68464,0.68864,0.0040000000000000036
5,persistent,1.7080444998485778,3.2520286747297615,1.2760997362920299,1.5542620565393888,155.00829762675403,150.6883237127912,-4.319973913962826,0.77834,0.79344,0.015100000000000002
5,stop_at_100,1.7080444998485778,3.2520286747297615,1.2760997362920299,1.5542620565393888,155.00829762675403,153.97891217403662,-1.0293854527174062,0.77834,0.77994,0.0015999999999999348
6,persistent,2.3848655534314216,4.942171348451867,1.0874440273025427,1.509529215636981,104.69792983724159,103.03929165395483,-1.6586381832867545,0.81304,0.82116,0.008120000000000016
6,stop_at_100,2.3848655534314216,4.942171348451867,1.0874440273025427,1.509529215636981,104.69792983724159,103.23867654161243,-1.4592532956291535,0.81304,0.8161,0.0030600000000000627
7,persistent,2.706980334049832,2.104627076890132,1.1568313635871346,1.32812672480298,157.5050576682027,156.81781460300917,-0.6872430651935417,0.25654,0.268,0.011460000000000026
7,stop_at_100,2.706980334049832,2.104627076890132,1.1568313635871346,1.32812672480298,157.5050576682027,157.50041125790705,-0.004646410295663372,0.25654,0.25646,-7.999999999996898e-05
8,persistent,2.921373505384002,2.7336025729574995,1.0154280881166224,1.5528493204597242,138.6486458012347,137.73629574627654,-0.9123500549581536,0.35898,0.37238,0.013399999999999967
8,stop_at_100,2.921373505384002,2.7336025729574995,1.0154280881166224,1.5528493204597242,138.6486458012347,138.42386463643058,-0.2247811648041136,0.35898,0.3608,0.0018199999999999883
9,persistent,2.9532268158056065,2.1903295113775396,1.1102024514498416,1.608270157188709,146.32676629019858,145.43616405393783,-0.8906022362607473,0.23448,0.248,0.013520000000000004
9,stop_at_100,2.9532268158056065,2.1903295113775396,1.1102024514498416,1.608270157188709,146.32676629019858,146.2161670561298,-0.11059923406878625,0.23448,0.23522,0.0007400000000000184
10,persistent,1.9532566532729625,4.689702602404516,1.3332390539414727,1.5019617026998138,112.38324896257475,109.35941673165871,-3.0238322309160424,0.86212,0.87166,0.009539999999999993
10,stop_at_100,1.9532566532729625,4.689702602404516,1.3332390539414727,1.5019617026998138,112.38324896257475,110.2515488885058,-2.1317000740689593,0.86212,0.86486,0.0027399999999999647
11,persistent,1.908972107591387,4.2854238892783165,1.1620323543878446,1.5432237126659305,121.70027723323571,118.99305505660936,-2.7072221766263453,0.84172,0.85048,0.00875999999999999
11,stop_at_100,1.908972107591387,4.2854238892783165,1.1620323543878446,1.5432237126659305,121.70027723323571,120.27741239499034,-1.4228648382453741,0.84172,0.84402,0.0022999999999999687
12,persistent,2.59292128721,3.1497040381049515,1.1139425727473662,1.8684416142244373,139.32678924636468,136.3572926066353,-2.9694966397293854,0.52182,0.54484,0.02302000000000004
12,stop_at_100,2.59292128721,3.1497040381049515,1.1139425727473662,1.8684416142244373,139.32678924636468,138.34085529132687,-0.9859339550378081,0.52182,0.52604,0.0042200000000000015
13,persistent,1.9508067287709574,2.46715140703946,1.1216692955291585,1.7162912503880852,179.42320505411175,175.95838981764607,-3.4648152364656823,0.54872,0.57042,0.021700000000000053
13,stop_at_100,1.9508067287709574,2.46715140703946,1.1216692955291585,1.7162912503880852,179.42320505411175,179.03087274027436,-0.392332313837386,0.54872,0.54996,0.0012400000000000189
14,persistent,2.686653864022268,2.79050471715202,1.1617756557412742,1.6182074276139244,144.68907458863328,142.7770330807149,-1.9120415079183886,0.42314,0.44362,0.020479999999999998
14,stop_at_100,2.686653864022268,2.79050471715202,1.1617756557412742,1.6182074276139244,144.68907458863328,144.29150873402557,-0.39756585460770566,0.42314,0.42536,0.0022199999999999998
15,persistent,2.1833575964117875,1.4764947054586202,1.1560356861080103,1.4760665372117563,199.31161499425798,198.21838193456682,-1.0932330596911584,0.19462,0.20594,0.011320000000000024
15,stop_at_100,2.1833575964117875,1.4764947054586202,1.1560356861080103,1.4760665372117563,199.31161499425798,199.4226917063071,0.11107671204911185,0.19462,0.19422,-0.0003999999999999837
16,persistent,1.9839835729681339,2.5115092229552243,1.160875700367149,1.4881259283721162,176.4564330423811,173.65778695785582,-2.7986460845252736,0.5494,0.56836,0.018959999999999977
16,stop_at_100,1.9839835729681339,2.5115092229552243,1.160875700367149,1.4881259283721162,176.4564330423811,176.1833110020237,-0.27312204035740706,0.5494,0.55046,0.0010599999999999499
17,persistent,2.6851740648136255,2.4505925019464203,1.2140706069167548,1.4453596466418948,151.82071815287185,150.45290843835235,-1.3678097145194954,0.34408,0.36242,0.018340000000000023
17,stop_at_100,2.6851740648136255,2.4505925019464203,1.2140706069167548,1.4453596466418948,151.82071815287185,151.6120180222862,-0.2087001305856404,0.34408,0.34554,0.0014600000000000168
18,persistent,2.442930132259498,2.3764910173717015,1.2021165875515059,1.5170096329302123,162.74482114058662,160.76135950948358,-1.9834616311030402,0.38166,0.40226,0.020600000000000007
18,stop_at_100,2.442930132259498,2.3764910173717015,1.2021165875515059,1.5170096329302123,162.74482114058662,162.4405285709608,-0.3042925696258294,0.38166,0.38308,0.0014199999999999768
19,persistent,2.2154275830317354,2.5429592385836974,1.1260575268959354,1.7842926703476858,166.838193833086,163.70783507636668,-3.1303587567193176,0.4868,0.50972,0.02291999999999994
19,stop_at_100,2.2154275830317354,2.5429592385836974,1.1260575268959354,1.7842926703476858,166.838193833086,166.38625407069478,-0.4519397623912198,0.4868,0.48866,0.0018599999999999728
20,persistent,2.728867043619447,2.2483029677076978,1.0570291665951839,1.4055319494285239,154.00002697970345,153.30133930169035,-0.6986876780131013,0.28666,0.29682,0.010159999999999947
20,stop_at_100,2.728867043619447,2.2483029677076978,1.0570291665951839,1.4055319494285239,154.00002697970345,153.9752502563029,-0.024776723400549372,0.28666,0.28686,0.00019999999999997797
21,persistent,2.5881634404118556,3.099046902465244,1.1761726362099725,1.364088698063721,140.5697420408036,138.78459254619582,-1.785149494607765,0.51308,0.52918,0.016100000000000003
21,stop_at_100,2.5881634404118556,3.099046902465244,1.1761726362099725,1.364088698063721,140.5697420408036,140.08395698129678,-0.48578505950681006,0.51308,0.51484,0.0017599999999999838
22,persistent,2.513934823996478,2.576804188214522,1.189826429081875,1.5288198621423543,155.1482735007382,153.29970344827657,-1.848570052461639,0.41468,0.43462,0.019940000000000013
22,stop_at_100,2.513934823996478,2.576804188214522,1.189826429081875,1.5288198621423543,155.1482735007382,154.8529736345326,-0.29529986620562454,0.41468,0.41626,0.0015800000000000258
23,persistent,2.7482394495710585,2.2849904884315375,1.1787835948477434,1.6092098394753176,152.60810384859266,151.14798344163924,-1.460120406953422,0.29106,0.30976,0.018699999999999994
23,stop_at_100,2.7482394495710585,2.2849904884315375,1.1787835948477434,1.6092098394753176,152.60810384859266,152.3972725467775,-0.21083130181517618,0.29106,0.29238,0.0013199999999999878
24,persistent,2.1204922733847518,3.3931486531316146,1.0992222257292463,1.400955788760857,142.97752512684966,140.895205277678,-2.082319849171654,0.69252,0.70496,0.012440000000000007
24,stop_at_100,2.1204922733847518,3.3931486531316146,1.0992222257292463,1.400955788760857,142.97752512684966,142.5061716958313,-0.47135343101834337,0.69252,0.69398,0.0014600000000000168
25,persistent,3.395428849999991,1.8688560964419516,1.0298028350903565,1.4776395869013612,133.96493816975004,133.77865950245416,-0.1862786672958805,0.12726,0.13194,0.00467999999999999
25,stop_at_100,3.395428849999991,1.8688560964419516,1.0298028350903565,1.4776395869013612,133.96493816975004,133.99284306336332,0.02790489361328241,0.12726,0.1269,-0.0003599999999999992
26,persistent,1.7826658034446488,2.119710401991662,1.2055415678491033,1.484819373871924,201.94186400149255,198.55104772616914,-3.3908162753234024,0.5089,0.53002,0.021120000000000028
26,stop_at_100,1.7826658034446488,2.119710401991662,1.2055415678491033,1.484819373871924,201.94186400149255,201.78795419307164,-0.15390980842090585,0.5089,0.5097,0.0008000000000000229
27,persistent,2.7579958706697476,2.4045679331231558,1.0732263465086969,1.4854378495797036,150.02352943457555,149.1121197023262,-0.9114097322493535,0.31688,0.3302,0.013319999999999999
27,stop_at_100,2.7579958706697476,2.4045679331231558,1.0732263465086969,1.4854378495797036,150.02352943457555,149.88661159214584,-0.1369178424297104,0.31688,0.3172,0.00031999999999998696
28,persistent,3.2829320976828105,2.172664262749167,1.0922488338621688,1.3603630676770722,134.91513293139627,134.56256239657802,-0.3525705348182555,0.18608,0.19318,0.007099999999999995
28,stop_at_100,3.2829320976828105,2.172664262749167,1.0922488338621688,1.3603630676770722,134.91513293139627,134.91242758752827,-0.002705343868001364,0.18608,0.18608,0.0
29,persistent,2.741754269264604,2.46002238878143,1.0420885081189153,1.65334266713381,149.68304267489577,148.26995138182068,-1.413091293075098,0.33366,0.35018,0.01651999999999998
29,stop_at_100,2.741754269264604,2.46002238878143,1.0420885081189153,1.65334266713381,149.68304267489577,149.3681965252055,-0.3148461496902826,0.33366,0.3351,0.0014399999999999968
30,persistent,1.5408704034016918,3.284312881264289,1.1687963485217678,1.55977451519733,156.45438415945455,152.42117070521346,-4.033213454241093,0.82382,0.83476,0.01093999999999995
30,stop_at_100,1.5408704034016918,3.284312881264289,1.1687963485217678,1.55977451519733,156.45438415945455,155.59085505330532,-0.8635291061492296,0.82382,0.82534,0.0015199999999999658
31,persistent,1.8019021228049399,3.9318460997925904,1.1525854091345735,1.5995417824114544,131.9068933144265,128.64853937608245,-3.258353938344044,0.83196,0.84178,0.00981999999999994
31,stop_at_100,1.8019021228049399,3.9318460997925904,1.1525854091345735,1.5995417824114544,131.9068933144265,130.53462161146643,-1.372271702960063,0.83196,0.83404,0.0020799999999999708
32,persistent,1.6566580522198842,1.86707554000862,1.3786511934497205,1.6038114152936684,222.2184340725798,217.17729208541857,-5.0411419871612395,0.47552,0.5048,0.029280000000000028
32,stop_at_100,1.6566580522198842,1.86707554000862,1.3786511934497205,1.6038114152936684,222.2184340725798,222.03687190437918,-0.1815621682006281,0.47552,0.47618,0.0006599999999999939
33,persistent,3.449909564185179,3.1047079524353665,1.108717996470343,1.6438875289141033,119.61184610905634,118.5019299451555,-1.1099161639008486,0.33528,0.35294,0.017659999999999954
33,stop_at_100,3.449909564185179,3.1047079524353665,1.108717996470343,1.6438875289141033,119.61184610905634,119.14063333168475,-0.4712127773715906,0.33528,0.3391,0.00381999999999999
34,persistent,2.690487379941129,3.196472517692436,1.0294908239616718,1.60540443496154,135.925271202803,134.25319689990954,-1.6720743028934635,0.50836,0.52366,0.01529999999999998
34,stop_at_100,2.690487379941129,3.196472517692436,1.0294908239616718,1.60540443496154,135.925271202803,135.40543179445615,-0.5198394083468543,0.50836,0.51102,0.0026599999999999957
35,persistent,3.464663389754835,2.226408493008879,1.2601638878543966,1.4762303005380184,128.71133310006365,128.04508343073553,-0.6662496693281241,0.17512,0.1864,0.011280000000000012
35,stop_at_100,3.464663389754835,2.226408493008879,1.2601638878543966,1.4762303005380184,128.71133310006365,128.51575450187457,-0.19557859818908696,0.17512,0.17626,0.0011400000000000021
36,persistent,2.0340780859980527,2.423458706886112,1.2033152759896282,1.4208385105128838,177.81125916910202,175.13499528998864,-2.676263879113378,0.51032,0.52944,0.019120000000000026
36,stop_at_100,2.0340780859980527,2.423458706886112,1.2033152759896282,1.4208385105128838,177.81125916910202,177.59735103641356,-0.21390813268845932,0.51032,0.51122,0.0009000000000000119
37,persistent,3.4216837716522295,2.3778602189364957,1.166244115797186,1.5290787282069873,128.56543664048783,127.95559823108502,-0.609838409402812,0.20578,0.21786,0.012080000000000007
37,stop_at_100,3.4216837716522295,2.3778602189364957,1.166244115797186,1.5290787282069873,128.56543664048783,128.3697268504788,-0.1957097900090332,0.20578,0.207,0.0012199999999999989
38,persistent,2.379322469311441,2.2297975761868725,1.170392118169912,1.56972507743825,169.17549318922607,167.21588200100615,-1.9596111882199239,0.35988,0.37996,0.020080000000000042
38,stop_at_100,2.379322469311441,2.2297975761868725,1.170392118169912,1.56972507743825,169.17549318922607,168.9942327652483,-0.18126042397776132,0.35988,0.36122,0.0013400000000000079
39,persistent,2.3384279550040787,2.6361043399165496,1.0466650428835,1.4071060592418576,159.7619924042816,158.27868756035525,-1.483304843926362,0.47572,0.4878,0.012080000000000035
39,stop_at_100,2.3384279550040787,2.6361043399165496,1.0466650428835,1.4071060592418576,159.7619924042816,159.58887824985175,-0.173114154429868,0.47572,0.47622,0.0005000000000000004
40,persistent,4.00366385550238,1.516785806998549,1.1576511828991463,1.4586112084612275,117.28443441403617,117.23558009304334,-0.048854320992830935,0.06086,0.06224,0.0013799999999999993
40,stop_at_100,4.00366385550238,1.516785806998549,1.1576511828991463,1.4586112084612275,117.28443441403617,117.31419716636435,0.02976275232818182,0.06086,0.05994,-0.0009199999999999972
41,persistent,2.5364048152170824,1.7791346075038885,1.194707427008069,1.5762679301132059,171.5640439056604,170.4517921544596,-1.1122517512008017,0.20906,0.2244,0.015339999999999993
41,stop_at_100,2.5364048152170824,1.7791346075038885,1.194707427008069,1.5762679301132059,171.5640439056604,171.51088304660848,-0.053160859051928355,0.20906,0.20952,0.00046000000000001595
42,persistent,2.623958511603244,2.2705141228421106,1.0692486860388342,1.338511491871611,157.8599570825815,157.1227981045635,-0.7371589780180159,0.313,0.32236,0.00935999999999998
42,stop_at_100,2.623958511603244,2.2705141228421106,1.0692486860388342,1.338511491871611,157.8599570825815,157.8526740481442,-0.0072830344373073785,0.313,0.31292,-8.00000000000245e-05
43,persistent,2.1105596916952827,2.607631016977094,1.087798158535265,1.4720844284051489,168.47664080833798,166.230905096934,-2.2457357114039667,0.53304,0.54834,0.015300000000000091
43,stop_at_100,2.1105596916952827,2.607631016977094,1.087798158535265,1.4720844284051489,168.47664080833798,168.26138886583018,-0.21525194250779123,0.53304,0.53394,0.0009000000000000119
44,persistent,2.3594631113130453,2.7428698066263264,1.2060838079301315,1.5305256779576473,155.97898931604107,153.49100370516788,-2.4879856108731815,0.49458,0.51518,0.02059999999999995
44,stop_at_100,2.3594631113130453,2.7428698066263264,1.2060838079301315,1.5305256779576473,155.97898931604107,155.55745807920283,-0.42153123683823424,0.49458,0.49644,0.0018599999999999728
45,persistent,1.8083209776025397,2.419360898713705,1.127829058095131,1.2342154808749557,186.92866914243058,185.23094458692373,-1.697724555506852,0.58512,0.59606,0.01094000000000006
45,stop_at_100,1.8083209776025397,2.419360898713705,1.127829058095131,1.2342154808749557,186.92866914243058,186.8600797500028,-0.06858939242778206,0.58512,0.58516,4.0000000000040004e-05
46,persistent,2.2068008283051492,2.4921391521837477,1.1612479124043762,1.5531218840957628,168.843834642815,166.34177364966143,-2.5020609931535773,0.4769,0.49666,0.01976
46,stop_at_100,2.2068008283051492,2.4921391521837477,1.1612479124043762,1.5531218840957628,168.843834642815,168.4654930099265,-0.37834163288852096,0.4769,0.47832,0.0014200000000000323
47,persistent,3.3839043794894277,3.040410680878938,1.1157607189375331,1.574995599794267,121.96373760674206,120.99460873887168,-0.9691288678703813,0.33456,0.35132,0.016759999999999997
47,stop_at_100,3.3839043794894277,3.040410680878938,1.1157607189375331,1.574995599794267,121.96373760674206,121.54495614491813,-0.41878146182392584,0.33456,0.3379,0.003339999999999954
48,persistent,3.2278008101970186,1.7918945496629963,1.20040585877225,1.7016148589733866,140.5397319800606,140.03155616639285,-0.5081758136677479,0.12964,0.13976,0.01011999999999999
48,stop_at_100,3.2278008101970186,1.7918945496629963,1.20040585877225,1.7016148589733866,140.5397319800606,140.51434319103038,-0.025388789030216685,0.12964,0.13016,0.0005199999999999927
49,persistent,2.363580304543043,4.060610851164911,1.0443920239707518,1.4340174621606914,122.34650249626961,120.74127805734372,-1.6052244389258874,0.73066,0.73908,0.008419999999999983
49,stop_at_100,2.363580304543043,4.060610851164911,1.0443920239707518,1.4340174621606914,122.34650249626961,121.54982231939636,-0.7966801768732523,0.73066,0.73194,0.0012800000000000589
50,persistent,2.0209167691467855,2.0776717877645354,1.2003539022671017,1.6571329058273958,191.37329319601787,188.21316090834273,-3.1601322876751397,0.41672,0.4403,0.023580000000000045
50,stop_at_100,2.0209167691467855,2.0776717877645354,1.2003539022671017,1.6571329058273958,191.37329319601787,191.1577088580104,-0.21558433800746002,0.41672,0.4175,0.0007800000000000029
51,persistent,2.379775505964404,2.630918191157562,1.1715926387298963,1.5628717806298054,158.4761911715213,156.21066554699271,-2.2655256245285784,0.46296,0.483,0.020040000000000002
51,stop_at_100,2.379775505964404,2.630918191157562,1.1715926387298963,1.5628717806298054,158.4761911715213,158.10166728467715,-0.3745238868441447,0.46296,0.46494,0.0019800000000000373
52,persistent,2.0047170174507096,2.012311749755858,1.0729384942100038,1.587975402831961,194.58314226929474,192.42308474725286,-2.160057522041882,0.4016,0.41914,0.01754
52,stop_at_100,2.0047170174507096,2.012311749755858,1.0729384942100038,1.587975402831961,194.58314226929474,194.54315331306896,-0.03998895622578402,0.4016,0.402,0.00040000000000001146
53,persistent,3.0267723986055644,2.234107818144174,1.1788913172161695,1.5729046854565882,143.00821894842616,142.16692407942224,-0.8412948690039173,0.23246,0.24698,0.014520000000000005
53,stop_at_100,3.0267723986055644,2.234107818144174,1.1788913172161695,1.5729046854565882,143.00821894842616,142.8983487770227,-0.10987017140345756,0.23246,0.23364,0.0011799999999999866
54,persistent,3.336954731354466,2.7746020336376067,1.0990786771567913,1.609368802580887,126.43715222347956,125.57143663089872,-0.8657155925808411,0.29106,0.30668,0.015620000000000023
54,stop_at_100,3.336954731354466,2.7746020336376067,1.0990786771567913,1.609368802580887,126.43715222347956,126.13951240140067,-0.2976398220788923,0.29106,0.2932,0.0021400000000000308
55,persistent,2.0238203202832445,4.334680254323532,1.0973779219686777,1.501840012707908,119.62352012809204,117.42308958457605,-2.200430543515992,0.82558,0.83382,0.008240000000000025
55,stop_at_100,2.0238203202832445,4.334680254323532,1.0973779219686777,1.501840012707908,119.62352012809204,118.35221400662476,-1.2713061214672763,0.82558,0.82752,0.0019400000000000528
56,persistent,3.3524894032766555,2.6753757913000054,1.1062544123120908,1.599754736504498,127.14139391001063,126.37832924490365,-0.763064665106981,0.26976,0.28414,0.014380000000000004
56,stop_at_100,3.3524894032766555,2.6753757913000054,1.1062544123120908,1.599754736504498,127.14139391001063,126.92902580078137,-0.21236810922925997,0.26976,0.27178,0.0020200000000000218
57,persistent,2.201244521394798,1.797864788359711,1.1351535425276744,1.406938165151777,189.61364417058377,188.65194700523153,-0.9616971653522342,0.282,0.29522,0.01322000000000001
57,stop_at_100,2.201244521394798,1.797864788359711,1.1351535425276744,1.406938165151777,189.61364417058377,189.70494285188394,0.09129868130017371,0.282,0.28166,-0.00033999999999995145
58,persistent,1.6825297060727646,2.517706712045913,1.0297853959655257,1.3570384411308365,186.76642011139512,184.86434219613665,-1.9020779152584737,0.65444,0.66478,0.010340000000000016
58,stop_at_100,1.6825297060727646,2.517706712045913,1.0297853959655257,1.3570384411308365,186.76642011139512,186.65038386992344,-0.1160362414716758,0.65444,0.65462,0.00017999999999995797
59,persistent,2.138667563516766,3.842566572064309,1.1357983598583496,1.5492553324659484,130.26615639938427,127.73845453520403,-2.5277018641802442,0.7527,0.76452,0.011819999999999942
59,stop_at_100,2.138667563516766,3.842566572064309,1.1357983598583496,1.5492553324659484,130.26615639938427,129.18641527023448,-1.0797411291497951,0.7527,0.7546,0.0019000000000000128
60,persistent,2.472621831944013,2.140277618795537,1.277454764472182,1.69753236814221,167.19666815802154,164.9857580155831,-2.2109101424384505,0.31322,0.33842,0.0252
60,stop_at_100,2.472621831944013,2.140277618795537,1.277454764472182,1.69753236814221,167.19666815802154,166.9283638325059,-0.2683043255156292,0.31322,0.3144,0.0011800000000000144
61,persistent,1.199329374702507,3.7716054885971726,0.9147990347263365,1.521999873679426,141.91069590068622,140.0802565530522,-1.8304393476340124,0.9214,0.92298,0.0015800000000000258
61,stop_at_100,1.199329374702507,3.7716054885971726,0.9147990347263365,1.521999873679426,141.91069590068622,141.4302959851044,-0.4803999155818133,0.9214,0.92164,0.00024000000000001798
62,persistent,2.032685009289057,2.7744669874663734,1.1769822155823582,1.6642066705970886,165.08204422469368,161.6630697496223,-3.4189744750713658,0.59776,0.6198,0.02204000000000006
62,stop_at_100,2.032685009289057,2.7744669874663734,1.1769822155823582,1.6642066705970886,165.08204422469368,164.46879234573322,-0.6132518789604546,0.59776,0.59972,0.001960000000000073
63,persistent,2.4864761292402418,3.6569271067962177,1.1236130201744619,1.3873629957739109,129.69005735472956,127.88749945265747,-1.8025579020720954,0.6447,0.6579,0.01319999999999999
63,stop_at_100,2.4864761292402418,3.6569271067962177,1.1236130201744619,1.3873629957739109,129.69005735472956,129.07660680797895,-0.6134505467506131,0.6447,0.64676,0.0020599999999999508
64,persistent,3.9222635937800727,4.52649321114331,1.041149329626503,1.5002193272332949,95.53192887032839,94.80163825460258,-0.7302906157258064,0.49036,0.50194,0.011580000000000035
64,stop_at_100,3.9222635937800727,4.52649321114331,1.041149329626503,1.5002193272332949,95.53192887032839,94.80163825460258,-0.7302906157258064,0.49036,0.4953,0.00494
65,persistent,2.4857606277211026,4.030701768419851,1.1104469747407208,1.380751649868793,121.42576380435985,119.76488551341936,-1.660878290940488,0.69986,0.71122,0.011359999999999926
65,stop_at_100,2.4857606277211026,4.030701768419851,1.1104469747407208,1.380751649868793,121.42576380435985,120.60513205618214,-0.8206317481777035,0.69986,0.70258,0.0027199999999999447
66,persistent,2.099436600576361,4.232587461377982,1.2804949480722372,1.4596957691963237,121.27652108038224,118.33224605107563,-2.94427502930661,0.8025,0.81514,0.012639999999999985
66,stop_at_100,2.099436600576361,4.232587461377982,1.2804949480722372,1.4596957691963237,121.27652108038224,119.68795557216308,-1.5885655082191619,0.8025,0.8054,0.0029000000000000137
67,persistent,1.7903164277453718,3.1082783798749745,1.143233057884018,1.607960690737994,158.88466172745234,155.13893843658076,-3.745723290871581,0.73604,0.75018,0.01413999999999993
67,stop_at_100,1.7903164277453718,3.1082783798749745,1.143233057884018,1.607960690737994,158.88466172745234,158.13555075826238,-0.7491109691899567,0.73604,0.73734,0.0012999999999999678
68,persistent,2.3753515369998874,2.013741151035075,1.1918241021080516,1.426275085530538,174.7421628891817,173.40360119502463,-1.3385616941570788,0.30126,0.31744,0.016180000000000028
68,stop_at_100,2.3753515369998874,2.013741151035075,1.1918241021080516,1.426275085530538,174.7421628891817,174.6888689561551,-0.05329393302662311,0.30126,0.30136,0.0001000000000000445
69,persistent,2.708812889771972,3.9656003905318817,1.0765468755840095,1.29444024044183,119.67712059395726,118.60294303675902,-1.0741775571982402,0.6415,0.65088,0.009380000000000055
69,stop_at_100,2.708812889771972,3.9656003905318817,1.0765468755840095,1.29444024044183,119.67712059395726,119.21488763186647,-0.4622329620907806,0.6415,0.64352,0.0020200000000000218
70,persistent,2.319804762382858,1.9437047034309594,1.1839921101503827,1.4513010883025772,179.24321239175612,178.01051822668785,-1.232694165068267,0.29502,0.3113,0.016280000000000017
70,stop_at_100,2.319804762382858,1.9437047034309594,1.1839921101503827,1.4513010883025772,179.24321239175612,179.15959775702316,-0.08361463473295316,0.29502,0.29526,0.00024000000000001798
71,persistent,3.490748420694777,1.3148139649787465,1.194616519537806,1.322400204069092,134.09260418004584,134.0549757326312,-0.037628447414647326,0.06036,0.06152,0.0011600000000000013
71,stop_at_100,3.490748420694777,1.3148139649787465,1.194616519537806,1.322400204069092,134.09260418004584,134.16715003861532,0.07454585856947915,0.06036,0.0593,-0.0010599999999999984
72,persistent,1.699857208069097,2.2741082197238054,1.098799574388789,1.556254547836335,198.334030320679,195.2165256253065,-3.117504695372503,0.58508,0.60234,0.017259999999999942
72,stop_at_100,1.699857208069097,2.2741082197238054,1.098799574388789,1.556254547836335,198.334030320679,198.14118708524575,-0.19284323543325854,0.58508,0.58562,0.0005399999999999849
73,persistent,2.187569497841456,2.4393466858582773,1.2040766135787973,1.3759131062942855,171.22832351470748,169.13253851588595,-2.0957849988215287,0.46894,0.48606,0.01711999999999997
73,stop_at_100,2.187569497841456,2.4393466858582773,1.2040766135787973,1.3759131062942855,171.22832351470748,171.05858337996835,-0.1697401347391292,0.46894,0.46984,0.0008999999999999564
74,persistent,1.9472786156327095,1.5203315607901795,1.105782239220928,1.7363761647666651,215.73131418589713,213.8269605531478,-1.90435363274932,0.2585,0.2774,0.018899999999999972
74,stop_at_100,1.9472786156327095,1.5203315607901795,1.105782239220928,1.7363761647666651,215.73131418589713,215.8014656107428,0.07015142484567605,0.2585,0.25816,-0.00034000000000000696
75,persistent,3.506937005132035,5.289253371171702,1.0573756880282643,1.3328818621527818,91.18681481513741,90.5529688343857,-0.6338459807517154,0.65904,0.66758,0.008539999999999992
75,stop_at_100,3.506937005132035,5.289253371171702,1.0573756880282643,1.3328818621527818,91.18681481513741,90.5529688343857,-0.6338459807517154,0.65904,0.66254,0.0035000000000000586
76,persistent,2.2883065048119517,3.3349908082876873,1.108488487480578,1.3689674957629336,141.2941802609136,139.5724279493636,-1.7217523115500057,0.63884,0.6521,0.01326000000000005
76,stop_at_100,2.2883065048119517,3.3349908082876873,1.108488487480578,1.3689674957629336,141.2941802609136,140.88646132883724,-0.40771893207636367,0.63884,0.64064,0.0018000000000000238
77,persistent,1.73323367860491,2.358733284437683,1.0948423594850163,1.5194957178841335,192.69967476121553,189.82940162686353,-2.8702731343520043,0.59568,0.61198,0.01629999999999998
77,stop_at_100,1.73323367860491,2.358733284437683,1.0948423594850163,1.5194957178841335,192.69967476121553,192.51873060077466,-0.18094416044087325,0.59568,0.59616,0.00048000000000003595
78,persistent,2.8142799025306653,3.9227780604298883,1.2824376447056436,1.5042987485655077,118.85202518393518,116.59663445725711,-2.2553907266780726,0.61108,0.63162,0.020540000000000003
78,stop_at_100,2.8142799025306653,3.9227780604298883,1.2824376447056436,1.5042987485655077,118.85202518393518,117.75885017851091,-1.0931750054242713,0.61108,0.61586,0.0047800000000000065
79,persistent,5.15162592032697,5.255428447607248,1.2698438397853944,1.6842329039965036,77.12853734074565,76.62507298865066,-0.5034643520949942,0.41174,0.42988,0.01813999999999999
79,stop_at_100,5.15162592032697,5.255428447607248,1.2698438397853944,1.6842329039965036,77.12853734074565,76.62507298865066,-0.5034643520949942,0.41174,0.42332,0.01157999999999998
80,persistent,1.6813760351627596,1.8588895557107599,1.1294502122574164,1.6686532958553544,221.11211958663478,217.36235745728948,-3.7497621293452994,0.46302,0.48446,0.021440000000000015
80,stop_at_100,1.6813760351627596,1.8588895557107599,1.1294502122574164,1.6686532958553544,221.11211958663478,221.06924941788697,-0.04287016874781102,0.46302,0.4634,0.00037999999999999146
81,persistent,2.7042888465307016,3.583726430445409,1.0588943796665182,1.4005892806790374,127.39341673466274,126.19622346718788,-1.1971932674748587,0.57858,0.59038,0.011800000000000033
81,stop_at_100,2.7042888465307016,3.583726430445409,1.0588943796665182,1.4005892806790374,127.39341673466274,126.95766278849695,-0.43575394616578933,0.57858,0.5805,0.0019200000000000328
82,persistent,2.2690929692872452,1.6340271969567473,1.0972660741696372,1.4009602047960563,189.83266870615086,189.07545895929576,-0.7572097468550965,0.22084,0.23066,0.009819999999999995
82,stop_at_100,2.2690929692872452,1.6340271969567473,1.0972660741696372,1.4009602047960563,189.83266870615086,189.9713517297307,0.1386830235798584,0.22084,0.2202,-0.0006400000000000017
83,persistent,1.595909537097981,2.2482329721029823,1.2413983081598812,1.5513632876586276,204.1629459079225,199.65887063144731,-4.5040752764751915,0.61752,0.64032,0.022800000000000042
83,stop_at_100,1.595909537097981,2.2482329721029823,1.2413983081598812,1.5513632876586276,204.1629459079225,203.80851776075764,-0.35442814716486737,0.61752,0.6184,0.0008799999999999919
84,persistent,3.179096167417613,3.0967570480209794,1.1137948713192858,1.5503738014874577,126.06584548415783,124.78204743012245,-1.2837980540353868,0.3823,0.39876,0.01646000000000003
84,stop_at_100,3.179096167417613,3.0967570480209794,1.1137948713192858,1.5503738014874577,126.06584548415783,125.62066902157045,-0.4451764625873835,0.3823,0.3852,0.0029000000000000137
85,persistent,2.1620625309728947,2.811289356392361,1.3074593149115235,1.4491350427511573,160.05622575830864,156.9589208621673,-3.0973048961413383,0.56726,0.58896,0.021700000000000053
85,stop_at_100,2.1620625309728947,2.811289356392361,1.3074593149115235,1.4491350427511573,160.05622575830864,159.57958066956957,-0.4766450887390761,0.56726,0.56888,0.0016200000000000658
86,persistent,2.9402352237734,4.100379864620961,1.2827442806464353,1.5558092144413433,113.85693362159914,111.63632248086216,-2.2206111407369775,0.61136,0.63244,0.021079999999999988
86,stop_at_100,2.9402352237734,4.100379864620961,1.2827442806464353,1.5558092144413433,113.85693362159914,112.55284954307771,-1.3040840785214272,0.61136,0.6169,0.005539999999999989
87,persistent,2.233881635701351,2.7445631100335035,1.1683585547790027,1.5584381670581613,160.0090972679808,157.1920975935504,-2.8169996744304058,0.52952,0.5503,0.02078000000000002
87,stop_at_100,2.233881635701351,2.7445631100335035,1.1683585547790027,1.5584381670581613,160.0090972679808,159.4999035222966,-0.5091937456842004,0.52952,0.5312,0.0016800000000000148
88,persistent,2.081407677076306,2.1798486545943456,1.0909231165342161,1.5811905655928347,184.53749509525494,182.22728386348535,-2.3102112317695855,0.42834,0.44664,0.018299999999999983
88,stop_at_100,2.081407677076306,2.1798486545943456,1.0909231165342161,1.5811905655928347,184.53749509525494,184.42477899239432,-0.11271610286061673,0.42834,0.42878,0.00043999999999999595
89,persistent,3.0435291010769774,1.2795254174568607,1.2031953213477427,1.4546416826583417,152.326798420503,152.09009131093393,-0.2367071095690676,0.0733,0.07674,0.0034399999999999986
89,stop_at_100,3.0435291010769774,1.2795254174568607,1.2031953213477427,1.4546416826583417,152.326798420503,152.37254575647412,0.04574733597112868,0.0733,0.07232,-0.0009800000000000086
90,persistent,1.4896215124782746,1.2070954148654098,1.1222194497175768,1.5158189641309876,275.29661540266466,273.29410263134815,-2.0025127713165034,0.27776,0.29316,0.01539999999999997
90,stop_at_100,1.4896215124782746,1.2070954148654098,1.1222194497175768,1.5158189641309876,275.29661540266466,275.50525493291025,0.20863953024559123,0.27776,0.27668,-0.0010800000000000254
91,persistent,2.400673507529875,3.249061139879707,1.2334358790139903,1.5332181760181478,141.26335817997077,138.64668155532542,-2.6166766246453506,0.59194,0.61234,0.020399999999999974
91,stop_at_100,2.400673507529875,3.249061139879707,1.2334358790139903,1.5332181760181478,141.26335817997077,140.44729967113128,-0.8160585088394896,0.59194,0.59486,0.0029200000000000337
92,persistent,2.4569882094033164,2.095750230489533,1.1884816541947716,1.5188405392803497,168.85133536875762,167.37491000037699,-1.4764253683806317,0.30494,0.32272,0.017780000000000018
92,stop_at_100,2.4569882094033164,2.095750230489533,1.1884816541947716,1.5188405392803497,168.85133536875762,168.76224290786644,-0.08909246089118028,0.30494,0.3055,0.0005600000000000049
93,persistent,3.3597860056305966,1.654289706460383,1.1205736258281798,1.5553450662813388,136.820851219239,136.68599373135874,-0.13485748788025376,0.10028,0.1057,0.005420000000000008
93,stop_at_100,3.3597860056305966,1.654289706460383,1.1205736258281798,1.5553450662813388,136.820851219239,136.88839211248742,0.06754089324843449,0.10028,0.09976,-0.0005199999999999927
94,persistent,2.8977298822087247,2.3582913781495787,1.2032819108308408,1.5665837984227096,145.67280050310518,144.46419249610943,-1.208608006995746,0.28036,0.29836,0.018000000000000016
94,stop_at_100,2.8977298822087247,2.3582913781495787,1.2032819108308408,1.5665837984227096,145.67280050310518,145.49222441300572,-0.18057609009946418,0.28036,0.28204,0.0016800000000000148
95,persistent,3.332808808422866,2.80359071940653,1.1686805879335573,1.5384781438098458,126.18546798254019,125.22237491938141,-0.9630930631587802,0.29706,0.31338,0.01632
95,stop_at_100,3.332808808422866,2.80359071940653,1.1686805879335573,1.5384781438098458,126.18546798254019,125.8452861808611,-0.34018180167909406,0.29706,0.2994,0.0023400000000000087
96,persistent,2.8442308204248126,2.666439676752823,1.1696728057415497,1.7199492664898246,142.22032165006925,140.49047107280813,-1.729850577261118,0.3601,0.38206,0.021960000000000035
96,stop_at_100,2.8442308204248126,2.666439676752823,1.1696728057415497,1.7199492664898246,142.22032165006925,141.81764347281506,-0.4026781772541881,0.3601,0.3633,0.003200000000000036
97,persistent,2.5147049353040205,3.016396514917916,1.2554735547060167,1.521167775890919,144.3429717313448,141.84874464052353,-2.494227090821255,0.51446,0.53718,0.022719999999999962
97,stop_at_100,2.5147049353040205,3.016396514917916,1.2554735547060167,1.521167775890919,144.3429717313448,143.6712402806412,-0.6717314507035894,0.51446,0.5173,0.0028399999999999537
98,persistent,1.9856652822803387,2.424283739017769,1.0448988469810796,1.4541466051318364,179.7867278573528,177.68416174995582,-2.1025661073969673,0.52522,0.5387,0.013479999999999936
98,stop_at_100,1.9856652822803387,2.424283739017769,1.0448988469810796,1.4541466051318364,179.7867278573528,179.64551736750695,-0.1412104898458324,0.52522,0.52592,0.0007000000000000339
99,persistent,3.668297108736651,3.8752186151851755,1.13967368325699,1.6137135113337773,106.12573155876463,105.01650584912025,-1.1092257096443774,0.43374,0.45142,0.017679999999999974
99,stop_at_100,3.668297108736651,3.8752186151851755,1.13967368325699,1.6137135113337773,106.12573155876463,105.22529809821944,-0.9004334605451874,0.43374,0.43954,0.005799999999999972
100,persistent,2.084930714941134,2.1187282694894085,1.241954855118406,1.5309419331542742,186.56818818775935,183.93372970044726,-2.634458487312088,0.40906,0.43144,0.02238000000000001
100,stop_at_100,2.084930714941134,2.1187282694894085,1.241954855118406,1.5309419331542742,186.56818818775935,186.35373788707474,-0.2144503006846037,0.40906,0.40992,0.0008600000000000274
101,persistent,3.0247026310891636,2.4921996289311874,1.0762688585340758,1.712258935834374,139.3990159524265,138.25639633458152,-1.1426196178449857,0.2867,0.30362,0.01691999999999999
101,stop_at_100,3.0247026310891636,2.4921996289311874,1.0762688585340758,1.712258935834374,139.3990159524265,139.13645290906976,-0.2625630433567494,0.2867,0.2884,0.0016999999999999793
102,persistent,2.0139247947354173,3.110549756751773,1.381013151819209,1.424960390836169,153.98752087022947,149.9779220357617,-4.009598834467766,0.6732,0.69456,0.021359999999999935
102,stop_at_100,2.0139247947354173,3.110549756751773,1.381013151819209,1.424960390836169,153.98752087022947,153.1846093224683,-0.8029115477611697,0.6732,0.67558,0.0023799999999999377
103,persistent,3.1647259524134976,4.030502392182532,1.2610341289993097,1.5754124744616806,111.79642973463814,109.97781386346188,-1.818615871176263,0.55362,0.5746,0.02098
103,stop_at_100,3.1647259524134976,4.030502392182532,1.2610341289993097,1.5754124744616806,111.79642973463814,110.56884941888217,-1.2275803157559722,0.55362,0.55982,0.006199999999999983
104,persistent,1.8987223880750428,3.233457688405309,1.1273689702102807,1.6173022019151388,152.28158273886436,148.8163021184435,-3.465280620420856,0.7265,0.7405,0.014000000000000012
104,stop_at_100,1.8987223880750428,3.233457688405309,1.1273689702102807,1.6173022019151388,152.28158273886436,151.48136257464895,-0.8002201642154034,0.7265,0.72798,0.0014799999999999258
105,persistent,2.53435665747465,3.330996404558079,1.1077366010353331,1.5374434721715196,136.3353807146646,134.4705920707284,-1.8647886439362082,0.57382,0.59016,0.01634000000000002
105,stop_at_100,2.53435665747465,3.330996404558079,1.1077366010353331,1.5374434721715196,136.3353807146646,135.7443506692806,-0.5910300453840023,0.57382,0.57624,0.0024199999999999777
106,persistent,2.8368134999304444,2.4637253492433895,1.1540737498540756,1.572471106596513,146.1134483508709,144.89936941601377,-1.2140789348571275,0.31484,0.33292,0.018079999999999985
106,stop_at_100,2.8368134999304444,2.4637253492433895,1.1540737498540756,1.572471106596513,146.1134483508709,145.8661896575453,-0.24725869332559114,0.31484,0.316,0.0011599999999999944
107,persistent,2.947342082877586,2.9442580426651026,1.269164407175359,1.4878839912921267,134.33016775146064,132.6993919214334,-1.6307758300272326,0.39874,0.41984,0.021100000000000008
107,stop_at_100,2.947342082877586,2.9442580426651026,1.269164407175359,1.4878839912921267,134.33016775146064,133.8807764203862,-0.4493913310744233,0.39874,0.40178,0.0030400000000000427
108,persistent,2.1487983454993635,5.685310560621579,1.1904926151406445,1.4727964042317283,94.02698947138047,92.4614519187523,-1.5655375526281716,0.88774,0.89302,0.005280000000000062
108,stop_at_100,2.1487983454993635,5.685310560621579,1.1904926151406445,1.4727964042317283,94.02698947138047,92.4614519187523,-1.5655375526281716,0.88774,0.88976,0.0020200000000000218
109,persistent,2.898198681789138,2.0178120818255705,1.1218844589824732,1.4307046653376638,151.02387453145985,150.40230355129566,-0.6215709801641935,0.20652,0.21626,0.009739999999999999
109,stop_at_100,2.898198681789138,2.0178120818255705,1.1218844589824732,1.4307046653376638,151.02387453145985,150.9715842043293,-0.052290327130549485,0.20652,0.20646,-6.0000000000004494e-05
110,persistent,1.6558297805800961,4.442742245587903,1.0919053081261358,1.392250206942508,119.6677337454731,117.75556338622553,-1.9121703592475683,0.89104,0.89506,0.0040199999999999125
110,stop_at_100,1.6558297805800961,4.442742245587903,1.0919053081261358,1.392250206942508,119.6677337454731,118.63647148597555,-1.0312622594975522,0.89104,0.8918,0.0007599999999999829
111,persistent,2.5354332444863465,2.314093988344461,1.1699238686200606,1.4339227709060414,160.56701709475738,159.19344436930186,-1.3735727254555172,0.34422,0.36064,0.01641999999999999
111,stop_at_100,2.5354332444863465,2.314093988344461,1.1699238686200606,1.4339227709060414,160.56701709475738,160.41549719007304,-0.15151990468433496,0.34422,0.34496,0.0007399999999999629
112,persistent,2.010519183843766,2.541710120399922,1.0847711120055654,1.648390366308977,174.38443552214034,171.3921470554203,-2.9922884667200265,0.54844,0.56772,0.019279999999999964
112,stop_at_100,2.010519183843766,2.541710120399922,1.0847711120055654,1.648390366308977,174.38443552214034,173.9948137704712,-0.38962175166912516,0.54844,0.54952,0.0010799999999999699
113,persistent,2.743399953023068,3.3549949977985913,1.2154266165705627,1.4510324802124053,131.43124605782452,129.51063429074705,-1.9206117670774745,0.52634,0.54558,0.019239999999999924
113,stop_at_100,2.743399953023068,3.3549949977985913,1.2154266165705627,1.4510324802124053,131.43124605782452,130.76284452827724,-0.6684015295472818,0.52634,0.52956,0.0032200000000000006
114,persistent,2.200352300287474,2.9128077068338696,1.1442715519544073,1.5264762718714018,155.74110426149264,153.23171833956678,-2.5093859219258547,0.57802,0.59598,0.017959999999999976
114,stop_at_100,2.200352300287474,2.9128077068338696,1.1442715519544073,1.5264762718714018,155.74110426149264,155.2123648044453,-0.5287394570473509,0.57802,0.57966,0.0016399999999999748
115,persistent,2.174830389208016,2.5651828254369033,1.1176359587019795,1.4778707077063162,167.5612209737642,165.3875804712339,-2.1736405025303043,0.50352,0.52032,0.016800000000000037
115,stop_at_100,2.174830389208016,2.5651828254369033,1.1176359587019795,1.4778707077063162,167.5612209737642,167.3145795085985,-0.24664146516568053,0.50352,0.50466,0.0011400000000000299
116,persistent,2.2197673877223334,3.404842730622427,1.079468401660207,1.5451706907613156,140.78930909388845,138.353694317497,-2.4356147763914464,0.66934,0.68386,0.014519999999999977
116,stop_at_100,2.2197673877223334,3.404842730622427,1.079468401660207,1.5451706907613156,140.78930909388845,140.1827659747391,-0.606543119149336,0.66934,0.6714,0.0020599999999999508
117,persistent,2.802065095971677,2.8998935548496805,1.2559491081969152,1.6523172636349288,139.11398389889519,137.0441624744808,-2.0698214244143855,0.42084,0.44468,0.023840000000000028
117,stop_at_100,2.802065095971677,2.8998935548496805,1.2559491081969152,1.6523172636349288,139.11398389889519,138.54030559880414,-0.5736783000910464,0.42084,0.42394,0.0030999999999999917
118,persistent,2.153639292146789,2.148991653934696,1.2638368774995148,1.4869739905650834,182.09420555809226,179.66875286062395,-2.4254526974683017,0.39788,0.41996,0.02207999999999999
118,stop_at_100,2.153639292146789,2.148991653934696,1.2638368774995148,1.4869739905650834,182.09420555809226,181.89740223000555,-0.19680332808670187,0.39788,0.39884,0.0009599999999999609
119,persistent,2.460733181774565,3.3053199569756315,1.0340884336031855,1.503883791796382,138.51302909928546,136.85018514821493,-1.6628439510705277,0.58736,0.6001,0.012739999999999974
119,stop_at_100,2.460733181774565,3.3053199569756315,1.0340884336031855,1.503883791796382,138.51302909928546,138.06628527480592,-0.4467438244795403,0.58736,0.58912,0.0017599999999999838
120,persistent,1.9360709356653083,2.110325729432926,1.1616847891459336,1.5865154398099952,194.50809296339867,191.56316318372325,-2.9449297796754195,0.45346,0.47396,0.020500000000000018
120,stop_at_100,1.9360709356653083,2.110325729432926,1.1616847891459336,1.5865154398099952,194.50809296339867,194.3824666198302,-0.12562634356845592,0.45346,0.45402,0.0005600000000000049
121,persistent,2.078251578725741,1.6690665019988864,1.0730321568843486,1.4628729657862591,201.4219860938012,200.20208930589655,-1.219896787904645,0.27334,0.28568,0.012339999999999962
121,stop_at_100,2.078251578725741,1.6690665019988864,1.0730321568843486,1.4628729657862591,201.4219860938012,201.49365930879162,0.071673214990426,0.27334,0.27308,-0.000260000000000038
122,persistent,3.2063147376909185,2.0592022130236645,1.184881901362158,1.5735402816028283,138.76164352841843,138.02505779072118,-0.7365857376972542,0.17498,0.1868,0.011819999999999997
122,stop_at_100,3.2063147376909185,2.0592022130236645,1.184881901362158,1.5735402816028283,138.76164352841843,138.66019583443216,-0.10144769398627318,0.17498,0.17578,0.0007999999999999952
123,persistent,3.182126879627475,2.633644939554052,1.131677462367325,1.560041984985658,132.58857361462293,131.63140950805632,-0.9571641065666086,0.28868,0.30434,0.015660000000000007
123,stop_at_100,3.182126879627475,2.633644939554052,1.131677462367325,1.560041984985658,132.58857361462293,132.3469076892999,-0.24166592532301934,0.28868,0.29046,0.0017800000000000038
124,persistent,2.2578719535677325,1.7270614320817286,1.162120526691369,1.4314282711053148,188.30798992979913,187.27408526773985,-1.0339046620592853,0.24924,0.2623,0.013059999999999988
124,stop_at_100,2.2578719535677325,1.7270614320817286,1.162120526691369,1.4314282711053148,188.30798992979913,188.34043412042666,0.03244419062752968,0.24924,0.24892,-0.00031999999999998696
125,persistent,3.9844920383152584,2.6429702374852506,1.1309125379502232,1.669399883041935,111.64047175094049,111.1350674459163,-0.5054043050241859,0.18688,0.19868,0.011800000000000005
125,stop_at_100,3.9844920383152584,2.6429702374852506,1.1309125379502232,1.669399883041935,111.64047175094049,111.36325002632302,-0.2772217246174762,0.18688,0.18946,0.002579999999999999
126,persistent,1.587811116776416,3.18022792148658,1.2077313198223993,1.5927214582061273,159.82351922475402,155.5475512536475,-4.275967971106525,0.79962,0.81334,0.013719999999999954
126,stop_at_100,1.587811116776416,3.18022792148658,1.2077313198223993,1.5927214582061273,159.82351922475402,158.93360588250744,-0.8899133422465866,0.79962,0.80108,0.0014600000000000168
127,persistent,2.2149463641796903,2.4202142773119286,1.1174800508250724,1.5893604919316813,170.74089405281782,168.4268990719243,-2.3139949808935114,0.45504,0.47378,0.01873999999999998
127,stop_at_100,2.2149463641796903,2.4202142773119286,1.1174800508250724,1.5893604919316813,170.74089405281782,170.53031565593747,-0.21057839688035074,0.45504,0.4562,0.0011599999999999944
128,persistent,1.6733172617141465,2.0176720690771286,1.2474142749972625,1.5965814682750534,213.01727739947475,208.69608706750392,-4.321190331970826,0.51742,0.5433,0.025880000000000014
128,stop_at_100,1.6733172617141465,2.0176720690771286,1.2474142749972625,1.5965814682750534,213.01727739947475,212.80392641554158,-0.21335098393316798,0.51742,0.51824,0.0008200000000000429
129,persistent,2.7534542010474685,2.9671390848267163,1.1167159664791142,1.6427960346021722,139.23997235117585,137.29449381283968,-1.9454785383361752,0.4469,0.46552,0.01861999999999997
129,stop_at_100,2.7534542010474685,2.9671390848267163,1.1167159664791142,1.6427960346021722,139.23997235117585,138.68750592456348,-0.5524664266123693,0.4469,0.44948,0.002579999999999971
130,persistent,1.8725101263323847,2.1901096014016606,1.3082787753796756,1.471674501464169,194.2369024333321,190.61663810508924,-3.620264328242854,0.49798,0.52274,0.024760000000000004
130,stop_at_100,1.8725101263323847,2.1901096014016606,1.3082787753796756,1.471674501464169,194.2369024333321,193.9695796471805,-0.26732278615159544,0.49798,0.49896,0.0009800000000000364
131,persistent,3.1976054393795934,4.186367096170597,1.2434313443702953,1.4302918960201452,108.95811066915752,107.53450491105833,-1.4236057580991854,0.57146,0.5886,0.017140000000000044
131,stop_at_100,3.1976054393795934,4.186367096170597,1.2434313443702953,1.4302918960201452,108.95811066915752,107.93241115285485,-1.0256995163026659,0.57146,0.5763,0.0048400000000000665
132,persistent,3.0676266540939583,2.0008396826382793,1.2217779824086032,1.364283889486094,144.46308139873344,143.85393512543556,-0.6091462732978812,0.18038,0.18988,0.00949999999999998
132,stop_at_100,3.0676266540939583,2.0008396826382793,1.2217779824086032,1.364283889486094,144.46308139873344,144.43193230536636,-0.03114909336707683,0.18038,0.18068,0.0002999999999999947
133,persistent,2.2618976434220226,2.267846194294587,1.216125778252707,1.6904180754070917,173.4237174575572,170.6962002846173,-2.7275171729398835,0.40086,0.42596,0.02510000000000001
133,stop_at_100,2.2618976434220226,2.267846194294587,1.216125778252707,1.6904180754070917,173.4237174575572,173.0511047121974,-0.3726127453597883,0.40086,0.40232,0.0014600000000000168
134,persistent,2.6750646036474923,3.494372440376993,1.2794991934087308,1.5084060450595098,129.82949842821927,127.55140622241403,-2.278092205805237,0.57012,0.591,0.02088000000000001
134,stop_at_100,2.6750646036474923,3.494372440376993,1.2794991934087308,1.5084060450595098,129.82949842821927,128.9561061063461,-0.8733923218731547,0.57012,0.57404,0.003920000000000035
135,persistent,2.7219114244512927,1.7119073177908861,1.2240492245327796,1.5125716257114208,163.20528730194638,162.33405080718208,-0.8712364947643039,0.16812,0.18008,0.011959999999999998
135,stop_at_100,2.7219114244512927,1.7119073177908861,1.2240492245327796,1.5125716257114208,163.20528730194638,163.1597337594061,-0.04555354254028998,0.16812,0.16812,0.0
136,persistent,2.5259991010525695,3.3042458879079217,1.0517254906896554,1.5936079882753387,137.14910840828801,135.33038438088735,-1.8187240274006626,0.57088,0.58616,0.01527999999999996
136,stop_at_100,2.5259991010525695,3.3042458879079217,1.0517254906896554,1.5936079882753387,137.14910840828801,136.61829716612334,-0.530811242164674,0.57088,0.57332,0.0024399999999999977
137,persistent,3.593527248903909,3.0171075302714736,1.1300076602248224,1.5175996052836376,117.32338237279612,116.56599792281861,-0.7573844499775078,0.29592,0.31032,0.014399999999999968
137,stop_at_100,3.593527248903909,3.0171075302714736,1.1300076602248224,1.5175996052836376,117.32338237279612,116.94082537109003,-0.38255700170608975,0.29592,0.2982,0.0022800000000000042
138,persistent,3.2760303896843106,2.0884002110621296,1.0946290533589238,1.3959095491165137,136.07295241024312,135.7062114829291,-0.3667409273140265,0.17218,0.17926,0.007080000000000003
138,stop_at_100,3.2760303896843106,2.0884002110621296,1.0946290533589238,1.3959095491165137,136.07295241024312,136.03484863114556,-0.038103779097554025,0.17218,0.17218,0.0
139,persistent,3.400221447058377,1.981607241343043,1.0739460633931779,1.3817335605288739,132.91580091257896,132.65280215352033,-0.26299875905863246,0.14308,0.14792,0.004839999999999983
139,stop_at_100,3.400221447058377,1.981607241343043,1.0739460633931779,1.3817335605288739,132.91580091257896,132.9316865806814,0.01588566810244174,0.14308,0.1426,-0.0004800000000000082
140,persistent,2.4609016062882794,3.677135865547754,1.2290240967164292,1.5200085387020348,129.63528722503708,126.90833604459675,-2.7269511804403237,0.65364,0.67226,0.01861999999999997
140,stop_at_100,2.4609016062882794,3.677135865547754,1.2290240967164292,1.5200085387020348,129.63528722503708,128.57363600658994,-1.061651218447139,0.65364,0.65742,0.0037800000000000056
141,persistent,1.8582394374945381,3.13342156932702,1.2377909969054843,1.62680233256823,156.6653878866388,152.33392223130323,-4.331465655335563,0.7213,0.7386,0.017299999999999982
141,stop_at_100,1.8582394374945381,3.13342156932702,1.2377909969054843,1.62680233256823,156.6653878866388,155.6585975835741,-1.0067903030646903,0.7213,0.72346,0.0021599999999999397
142,persistent,1.8612211284092266,1.6887245937327158,1.0925078649988114,1.5354142916269802,216.19800580255674,214.24001636481802,-1.9579894377387177,0.34042,0.35786,0.01744000000000001
142,stop_at_100,1.8612211284092266,1.6887245937327158,1.0925078649988114,1.5354142916269802,216.19800580255674,216.24650154020853,0.04849573765179116,0.34042,0.34002,-0.00040000000000001146
143,persistent,2.6958126729608622,3.2910993047843595,1.1425522192295219,1.4040773672386266,133.79523933024768,132.2267100059144,-1.5685293243332694,0.5252,0.54086,0.015660000000000007
143,stop_at_100,2.6958126729608622,3.2910993047843595,1.1425522192295219,1.4040773672386266,133.79523933024768,133.34067434460673,-0.4545649856409568,0.5252,0.5276,0.0023999999999999577
144,persistent,2.6127321560606047,2.0786021334004894,1.063627731612992,1.3587301100532612,162.06585099515598,161.45493554364265,-0.6109154515133355,0.26818,0.27692,0.008740000000000026
144,stop_at_100,2.6127321560606047,2.0786021334004894,1.063627731612992,1.3587301100532612,162.06585099515598,162.10810673579908,0.04225574064309967,0.26818,0.26796,-0.00021999999999999797
145,persistent,2.0087550893937287,2.3820632975298874,1.0129540093057074,1.4845581807301373,180.371673499286,178.5552891201238,-1.8163843791622014,0.50712,0.5202,0.01307999999999998
145,stop_at_100,2.0087550893937287,2.3820632975298874,1.0129540093057074,1.4845581807301373,180.371673499286,180.24905607083707,-0.1226174284489332,0.50712,0.5077,0.0005800000000000249
146,persistent,1.5954232947396525,3.056726147486007,1.130905948345349,1.5691333354650108,164.70643814436218,161.0084448992107,-3.69799324515148,0.78128,0.79304,0.011759999999999993
146,stop_at_100,1.5954232947396525,3.056726147486007,1.130905948345349,1.5691333354650108,164.70643814436218,164.03150352057597,-0.6749346237862142,0.78128,0.7822,0.0009200000000000319
147,persistent,2.3921080295979045,3.728459104072988,1.2042476561662296,1.6137308141133384,129.5410947542723,126.55036404008257,-2.9907307141897377,0.67864,0.69686,0.018220000000000014
147,stop_at_100,2.3921080295979045,3.728459104072988,1.2042476561662296,1.6137308141133384,129.5410947542723,128.3577572588742,-1.1833374953981206,0.67864,0.68234,0.0036999999999999256
148,persistent,1.869583263163563,4.438046064557871,1.104617645570054,1.3423146234821572,118.40155947216607,116.73640066417221,-1.665158807993862,0.8589,0.8642,0.005299999999999971
148,stop_at_100,1.869583263163563,4.438046064557871,1.104617645570054,1.3423146234821572,118.40155947216607,117.44820660213932,-0.9533528700267482,0.8589,0.86004,0.0011400000000000299
149,persistent,2.2217926218106934,2.632348013635127,0.9973824258265345,1.4583153794400732,163.82947674806576,162.28792322897948,-1.5415535190862784,0.5064,0.51774,0.011340000000000017
149,stop_at_100,2.2217926218106934,2.632348013635127,0.9973824258265345,1.4583153794400732,163.82947674806576,163.62553133953074,-0.20394540853502008,0.5064,0.50704,0.0006400000000000849
150,persistent,3.757891899686028,2.5669024199318167,1.1936077183927836,1.60983952402301,117.68702768451874,117.0733889424416,-0.6136387420771428,0.19854,0.21158,0.013039999999999996
150,stop_at_100,3.757891899686028,2.5669024199318167,1.1936077183927836,1.60983952402301,117.68702768451874,117.36656852420228,-0.32045916031646016,0.19854,0.20092,0.0023799999999999932
151,persistent,2.764214281242719,2.458064312589313,1.1700799944086413,1.6731953691837367,148.84818718852756,147.15218392181617,-1.6960032667113865,0.32814,0.34978,0.021639999999999993
151,stop_at_100,2.764214281242719,2.458064312589313,1.1700799944086413,1.6731953691837367,148.84818718852756,148.48886135861648,-0.35932582991108575,0.32814,0.33034,0.0022000000000000353
152,persistent,2.6549991979506067,2.0366766632117397,1.1119581356302972,1.515178827743001,161.00320124818865,160.16888146515507,-0.8343197830335782,0.2504,0.2636,0.01319999999999999
152,stop_at_100,2.6549991979506067,2.0366766632117397,1.1119581356302972,1.515178827743001,161.00320124818865,160.96843025706966,-0.034770991118989514,0.2504,0.25054,0.00013999999999997348
153,persistent,1.8682610161091802,3.5000261812746474,1.1943708200003802,1.4074218774345804,143.85253322579737,140.99587076395068,-2.856662461846696,0.77134,0.78266,0.011319999999999997
153,stop_at_100,1.8682610161091802,3.5000261812746474,1.1943708200003802,1.4074218774345804,143.85253322579737,143.0901318267408,-0.7624013990565857,0.77134,0.77278,0.0014399999999999968
154,persistent,2.6963488440518395,3.745437115886392,1.378372594540214,1.5088983980843218,124.23741115042837,121.45227481384916,-2.785136336579214,0.60886,0.6324,0.023540000000000005
154,stop_at_100,2.6963488440518395,3.745437115886392,1.378372594540214,1.5088983980843218,124.23741115042837,123.09615983580251,-1.1412513146258618,0.60886,0.61384,0.0049800000000000955
155,persistent,2.6294145978058987,2.6949849085270756,1.1858948480487108,1.4130530725602057,148.4886034398191,147.10711286801674,-1.3814905718023454,0.41464,0.43174,0.017100000000000004
155,stop_at_100,2.6294145978058987,2.6949849085270756,1.1858948480487108,1.4130530725602057,148.4886034398191,148.27181205609264,-0.21679138372644502,0.41464,0.41618,0.0015399999999999858
156,persistent,1.862294447204269,2.5806523884423522,1.1295492726339127,1.6470848025161333,178.03100809216605,174.40276893173126,-3.628239160434788,0.60752,0.62748,0.01996000000000009
156,stop_at_100,1.862294447204269,2.5806523884423522,1.1295492726339127,1.6470848025161333,178.03100809216605,177.48205332041073,-0.5489547717553194,0.60752,0.6088,0.0012800000000000589
157,persistent,1.9130966805598761,3.9658574258089314,1.2926805067626514,1.3770447012543288,129.78727836113922,126.73011696986588,-3.0571613912733397,0.81318,0.8248,0.011619999999999964
157,stop_at_100,1.9130966805598761,3.9658574258089314,1.2926805067626514,1.3770447012543288,129.78727836113922,128.5670992701292,-1.22017909101001,0.81318,0.81538,0.0021999999999999797
158,persistent,2.618524947482893,4.076818499695215,1.1737171558698873,1.4177396802987245,118.72420829261591,116.7578685453173,-1.966339747298619,0.678,0.69256,0.014559999999999906
158,stop_at_100,2.618524947482893,4.076818499695215,1.1737171558698873,1.4177396802987245,118.72420829261591,117.67988909185019,-1.0443192007657274,0.678,0.68136,0.0033599999999999186
159,persistent,1.5688806099660342,4.594142073297773,1.1061410164443408,1.634833465811457,116.63892573569808,113.9559086819086,-2.6830170537894844,0.90878,0.91342,0.0046399999999999775
159,stop_at_100,1.5688806099660342,4.594142073297773,1.1061410164443408,1.634833465811457,116.63892573569808,115.02154526980422,-1.6173804658938593,0.90878,0.9101,0.0013199999999999878
160,persistent,2.502460257887399,3.7500502849477777,1.2721690774139205,1.3171652219934558,127.29629180596383,125.06115618514467,-2.2351356208191646,0.65532,0.67174,0.01641999999999999
160,stop_at_100,2.502460257887399,3.7500502849477777,1.2721690774139205,1.3171652219934558,127.29629180596383,126.42208989887604,-0.8742019070877944,0.65532,0.65834,0.0030200000000000227
161,persistent,2.225488150490984,1.8756728319207703,1.1920407505381954,1.412290870180349,186.3115743360102,184.94794515252744,-1.3636291834827716,0.29794,0.31386,0.01591999999999999
161,stop_at_100,2.225488150490984,1.8756728319207703,1.1920407505381954,1.412290870180349,186.3115743360102,186.2646792694593,-0.04689506655091691,0.29794,0.29808,0.000140000000000029
162,persistent,1.4473898074502918,3.0001052896521037,1.4419979146226525,1.673174489013159,169.9817993795278,163.30954998581603,-6.67224939371178,0.8131,0.8303,0.017199999999999993
162,stop_at_100,1.4473898074502918,3.0001052896521037,1.4419979146226525,1.673174489013159,169.9817993795278,168.72202367047205,-1.2597757090557593,0.8131,0.81502,0.0019199999999999218
163,persistent,2.184484152871031,4.290602346986964,1.107125186254012,1.6429741198650512,119.09925277729937,116.57309314655578,-2.5261596307435923,0.79182,0.803,0.011180000000000079
163,stop_at_100,2.184484152871031,4.290602346986964,1.107125186254012,1.6429741198650512,119.09925277729937,117.62704431191625,-1.472208465383119,0.79182,0.79456,0.0027400000000000757
164,persistent,1.4724830215778753,3.1954122899986777,1.0373342452107475,1.4719491163067526,161.0956765262108,158.2638543074939,-2.8318222187169226,0.8301,0.83706,0.006960000000000077
164,stop_at_100,1.4724830215778753,3.1954122899986777,1.0373342452107475,1.4719491163067526,161.0956765262108,160.52037917736513,-0.5752973488456803,0.8301,0.8307,0.0006000000000000449
165,persistent,2.4764358618991524,2.652538782415025,0.9487477087307917,1.6157686921186558,154.69383352989027,153.18006464354556,-1.5137688863447067,0.44342,0.45564,0.012220000000000009
165,stop_at_100,2.4764358618991524,2.652538782415025,0.9487477087307917,1.6157686921186558,154.69383352989027,154.492977009959,-0.2008565199312784,0.44342,0.44468,0.0012600000000000389
166,persistent,2.380238748554551,3.9418182294472954,1.3336317598731675,1.3701861693324076,124.72121425659304,122.18647762871693,-2.5347366278761143,0.7116,0.7274,0.015800000000000036
166,stop_at_100,2.380238748554551,3.9418182294472954,1.3336317598731675,1.3701861693324076,124.72121425659304,123.54883567714134,-1.1723785794517028,0.7116,0.71528,0.0036800000000000166
167,persistent,1.1621905202338858,1.880065853627665,1.1809742270727746,1.4399665687713799,252.01856726158462,246.58556428026907,-5.433002981315553,0.69878,0.71466,0.015880000000000005
167,stop_at_100,1.1621905202338858,1.880065853627665,1.1809742270727746,1.4399665687713799,252.01856726158462,251.96254689012846,-0.05602037145615668,0.69878,0.6988,2.0000000000020002e-05
168,persistent,1.7414850450147337,3.0128522322410793,1.264349568475643,1.6698968845902242,163.63636090329294,158.74499337065208,-4.8913675326408566,0.73404,0.75206,0.018019999999999925
168,stop_at_100,1.7414850450147337,3.0128522322410793,1.264349568475643,1.6698968845902242,163.63636090329294,162.71237493346905,-0.9239859698238888,0.73404,0.7359,0.0018599999999999728
169,persistent,1.5708595747438603,4.082571050524407,1.168775510853469,1.5060570476442998,129.65011935546937,126.58447458891656,-3.0656447665528077,0.88348,0.8898,0.006319999999999992
169,stop_at_100,1.5708595747438603,4.082571050524407,1.168775510853469,1.5060570476442998,129.65011935546937,128.31433798104894,-1.335781374420435,0.88348,0.88468,0.0011999999999999789
170,persistent,1.6486493791853298,2.780367760416396,1.0472966779298718,1.5299835709051073,175.77021287734007,172.70626337159064,-3.0639495057494344,0.7213,0.73218,0.01088
170,stop_at_100,1.6486493791853298,2.780367760416396,1.0472966779298718,1.5299835709051073,175.77021287734007,175.45087425425197,-0.31933862308810035,0.7213,0.72214,0.0008399999999999519
171,persistent,2.9657541976161665,2.9479082021544687,1.1834703931076458,1.3682040553221544,133.7909004389752,132.72400648096112,-1.0668939580140773,0.39514,0.41092,0.015780000000000016
171,stop_at_100,2.9657541976161665,2.9479082021544687,1.1834703931076458,1.3682040553221544,133.7909004389752,133.49853386363853,-0.292366575336672,0.39514,0.397,0.0018600000000000283
172,persistent,2.348216734594786,3.8969397291613337,1.1957991996700914,1.349094948781749,126.19327196495784,124.21396032781868,-1.979311637139162,0.7129,0.72548,0.012580000000000036
172,stop_at_100,2.348216734594786,3.8969397291613337,1.1957991996700914,1.349094948781749,126.19327196495784,125.33497407982811,-0.8582978851297298,0.7129,0.71544,0.0025399999999999867
173,persistent,2.2092286064363442,4.07153310841567,1.2046671533664146,1.5389757469186218,123.83160064314183,121.12769270797186,-2.7039079351699655,0.76424,0.77672,0.012479999999999936
173,stop_at_100,2.2092286064363442,4.07153310841567,1.2046671533664146,1.5389757469186218,123.83160064314183,122.44733880121474,-1.384261841927085,0.76424,0.76694,0.0026999999999999247
174,persistent,2.397343197723014,2.2926194337873613,1.0579246985094424,1.6163517805675907,166.69864561542516,164.99636092525265,-1.7022846901725188,0.37182,0.38828,0.01646000000000003
174,stop_at_100,2.397343197723014,2.2926194337873613,1.0579246985094424,1.6163517805675907,166.69864561542516,166.57159942949056,-0.12704618593460282,0.37182,0.3729,0.0010800000000000254
175,persistent,2.374407023007214,2.4206243195566026,1.1498340234915898,1.5635051302155156,164.37068422640277,162.4258216540112,-1.9448625723915711,0.41122,0.43136,0.020140000000000047
175,stop_at_100,2.374407023007214,2.4206243195566026,1.1498340234915898,1.5635051302155156,164.37068422640277,164.154363027104,-0.21632119929876126,0.41122,0.41242,0.0012000000000000344
176,persistent,3.157144835758826,1.7876587769653791,1.2130723603483327,1.4409064991843992,143.25736864730357,142.90895689513457,-0.34841175216899956,0.13506,0.14276,0.007699999999999985
176,stop_at_100,3.157144835758826,1.7876587769653791,1.2130723603483327,1.4409064991843992,143.25736864730357,143.2417275849558,-0.015641062347754087,0.13506,0.13502,-4.000000000001225e-05
177,persistent,2.7399307243839752,1.753191478750369,1.1276051120226627,1.646978179960697,161.6732409347474,160.91266731950415,-0.7605736152432598,0.17364,0.18576,0.01212000000000002
177,stop_at_100,2.7399307243839752,1.753191478750369,1.1276051120226627,1.646978179960697,161.6732409347474,161.61981243639468,-0.05342849835273,0.17364,0.17384,0.00020000000000000573
178,persistent,2.2168852553055998,2.7084242643809713,1.1838636028707166,1.464405539318271,161.65535746070458,159.09173443900409,-2.5636230217004936,0.52558,0.54518,0.01959999999999995
178,stop_at_100,2.2168852553055998,2.7084242643809713,1.1838636028707166,1.464405539318271,161.65535746070458,161.28943866893275,-0.36591879177183273,0.52558,0.52732,0.0017399999999999638
179,persistent,3.2710002264065485,1.7407512699958936,1.1213656263700664,1.346193872949521,139.38475980546514,139.26064704672433,-0.1241127587408073,0.11836,0.12242,0.004059999999999994
179,stop_at_100,3.2710002264065485,1.7407512699958936,1.1213656263700664,1.346193872949521,139.38475980546514,139.40069699316078,0.01593718769564134,0.11836,0.11758,-0.0007800000000000029
180,persistent,1.9536045165970837,2.853420116602309,1.1243593425025573,1.550630175754604,164.3777291553492,161.41191477857052,-2.965814376778667,0.64022,0.65738,0.017159999999999953
180,stop_at_100,1.9536045165970837,2.853420116602309,1.1243593425025573,1.550630175754604,164.3777291553492,163.90295120523874,-0.4747779501104503,0.64022,0.64196,0.0017399999999999638
181,persistent,2.341886193137705,2.6112645570390076,1.0910888946716246,1.4593555394312752,160.40813277784082,158.6280481766996,-1.7800846011412261,0.46886,0.48378,0.014919999999999989
181,stop_at_100,2.341886193137705,2.6112645570390076,1.0910888946716246,1.4593555394312752,160.40813277784082,160.13547995014517,-0.27265282769565147,0.46886,0.46978,0.0009199999999999764
182,persistent,1.3620595380870149,2.395118179827884,1.0896112845768364,1.4397610791915083,204.51869096883024,200.92333981217513,-3.595351156655113,0.74198,0.75272,0.010739999999999972
182,stop_at_100,1.3620595380870149,2.395118179827884,1.0896112845768364,1.4397610791915083,204.51869096883024,204.3466255434587,-0.17206542537152814,0.74198,0.74228,0.000300000000000078
183,persistent,1.7542489732644022,2.2172050356394237,1.2363460958969965,1.4053195591898242,198.75159006083388,195.39264829777943,-3.358941763054446,0.54822,0.56814,0.019919999999999938
183,stop_at_100,1.7542489732644022,2.2172050356394237,1.2363460958969965,1.4053195591898242,198.75159006083388,198.58836034194684,-0.1632297188870382,0.54822,0.54872,0.0004999999999999449
184,persistent,2.281116878255491,1.0388841372308038,1.2541610189893586,1.5113446971582083,199.82698975248837,199.40130207072917,-0.42568768175920013,0.08602,0.0916,0.005580000000000002
184,stop_at_100,2.281116878255491,1.0388841372308038,1.2541610189893586,1.5113446971582083,199.82698975248837,199.919346112757,0.09235636026863858,0.08602,0.08508,-0.0009399999999999964
185,persistent,3.4277197968843938,1.573926157700357,1.1118456629914337,1.6634216954905778,135.02346345844364,134.83058997528025,-0.19287348316339603,0.08736,0.09214,0.0047800000000000065
185,stop_at_100,3.4277197968843938,1.573926157700357,1.1118456629914337,1.6634216954905778,135.02346345844364,135.02289551097277,-0.0005679474708699672,0.08736,0.08704,-0.00031999999999998696
186,persistent,2.1304260826588655,3.4641181558159975,1.0466778579601537,1.490221576055554,140.7704600917299,138.7059365111151,-2.0645235806147753,0.70158,0.71246,0.01088
186,stop_at_100,2.1304260826588655,3.4641181558159975,1.0466778579601537,1.490221576055554,140.7704600917299,140.20114431200534,-0.5693157797245476,0.70158,0.70344,0.0018599999999999728
187,persistent,2.152631521074702,3.643267770326384,1.1163850393822747,1.520359111167044,135.45501051827722,132.93408453100312,-2.5209259872740972,0.723,0.73538,0.012380000000000058
187,stop_at_100,2.152631521074702,3.643267770326384,1.1163850393822747,1.520359111167044,135.45501051827722,134.61247962786484,-0.8425308904123767,0.723,0.72504,0.0020400000000000418
188,persistent,2.9086952767835172,3.2534579852751926,1.0967828952862642,1.4677945434767496,129.76517835956614,128.46735338705255,-1.297824972513581,0.47084,0.48542,0.014580000000000037
188,stop_at_100,2.9086952767835172,3.2534579852751926,1.0967828952862642,1.4677945434767496,129.76517835956614,129.32716878511934,-0.4380095744467951,0.47084,0.473,0.0021599999999999953
189,persistent,2.0100947601971924,1.6628764159748017,1.1828017438694478,1.5458190940284677,206.23416013370013,204.50992237864278,-1.7242377550573451,0.28848,0.30676,0.018279999999999963
189,stop_at_100,2.0100947601971924,1.6628764159748017,1.1828017438694478,1.5458190940284677,206.23416013370013,206.19613805933287,-0.03802207436726235,0.28848,0.28858,9.999999999998899e-05
190,persistent,2.2836930459910234,1.9772082758963796,1.1198817594595594,1.6985689325493563,180.41325672434357,178.55321161181396,-1.8600451125296047,0.31334,0.33342,0.020079999999999987
190,stop_at_100,2.2836930459910234,1.9772082758963796,1.1198817594595594,1.6985689325493563,180.41325672434357,180.33540986410964,-0.07784686023393306,0.31334,0.31366,0.00031999999999998696
191,persistent,3.1997208839306674,4.255481181926776,1.3098901642050735,1.5094338938505216,107.92264587359548,106.11708139892615,-1.805564474669339,0.58096,0.60148,0.020519999999999983
191,stop_at_100,3.1997208839306674,4.255481181926776,1.3098901642050735,1.5094338938505216,107.92264587359548,106.51404560760898,-1.4086002659865073,0.58096,0.58744,0.00647999999999993
192,persistent,3.0414319487166663,2.393079134594879,1.009289080761907,1.3053527704901684,140.23926638314146,140.00742271992806,-0.23184366321339667,0.2624,0.26846,0.006059999999999954
192,stop_at_100,3.0414319487166663,2.393079134594879,1.009289080761907,1.3053527704901684,140.23926638314146,140.23926638314146,0.0,0.2624,0.2621,-0.00030000000000002247
193,persistent,2.2003993450981105,2.934692292674148,1.1599798442287153,1.6264503838122517,155.0254384880559,152.13723507416853,-2.888203413887368,0.58298,0.60332,0.020339999999999914
193,stop_at_100,2.2003993450981105,2.934692292674148,1.1599798442287153,1.6264503838122517,155.0254384880559,154.45250932698508,-0.5729291610708174,0.58298,0.58516,0.0021799999999999597
194,persistent,2.0940997585714505,2.1120906626531086,1.128248657051241,1.6506859652722072,186.31454870782497,183.72761850236043,-2.5869302054645402,0.4047,0.42584,0.021139999999999992
194,stop_at_100,2.0940997585714505,2.1120906626531086,1.128248657051241,1.6506859652722072,186.31454870782497,186.1643574096531,-0.15019129817187604,0.4047,0.4056,0.0009000000000000119
195,persistent,2.180732287057275,4.0921106615931375,1.1550851976344798,1.5080274562393396,123.71116181857624,121.2563605301363,-2.4548012884399384,0.772,0.78278,0.010780000000000012
195,stop_at_100,2.180732287057275,4.0921106615931375,1.1550851976344798,1.5080274562393396,123.71116181857624,122.48660752802078,-1.22455429055546,0.772,0.77432,0.0023199999999999887
196,persistent,1.7445741432459296,3.1346519894892304,1.2468699050739533,1.5266962850267796,158.75946365195654,154.77070084886836,-3.9887628030881785,0.75274,0.76734,0.014600000000000057
196,stop_at_100,1.7445741432459296,3.1346519894892304,1.2468699050739533,1.5266962850267796,158.75946365195654,157.9472737957567,-0.8121898561998364,0.75274,0.75402,0.0012800000000000589
197,persistent,2.6712599869037987,2.953863818677379,1.1959935064563105,1.7310124725805132,141.64898110396004,139.32874195441826,-2.320239149541777,0.46322,0.48658,0.023359999999999992
197,stop_at_100,2.6712599869037987,2.953863818677379,1.1959935064563105,1.7310124725805132,141.64898110396004,141.03711018098932,-0.6118709229707235,0.46322,0.4665,0.003280000000000005
198,persistent,3.9228194068740656,2.1993460794282536,1.2472740697903049,1.404477576424732,116.13466976137883,115.86994685232752,-0.264722909051315,0.13234,0.13922,0.006879999999999997
198,stop_at_100,3.9228194068740656,2.1993460794282536,1.2472740697903049,1.404477576424732,116.13466976137883,116.0600138431019,-0.07465591827693174,0.13234,0.133,0.0006599999999999939
199,persistent,1.963934186771859,1.8040349313431945,1.0461147207979449,1.4611242922127057,204.7753434603228,203.29718338662707,-1.478160073695733,0.34776,0.36142,0.013660000000000005
199,stop_at_100,1.963934186771859,1.8040349313431945,1.0461147207979449,1.4611242922127057,204.7753434603228,204.7753434603228,0.0,0.34776,0.34754,-0.00021999999999999797
