K_V_pp,VAF_pct,HR_multiplier
0.5,0.0,1.0
0.5,0.1,1.076025659527943
0.5,0.2,1.1338433999161135
0.5,0.30000000000000004,1.1792364990423572
0.5,0.4,1.2157949665189889
0.5,0.5,1.2458561020822396
0.5,0.6000000000000001,1.2710036044832425
0.5,0.7000000000000001,1.2923471744007824
0.5,0.8,1.3106868244505774
0.5,0.9,1.326613528629596
0.5,1.0,1.340573133919954
0.5,1.1,1.352908234246045
0.5,1.2000000000000002,1.3638863682126616
0.5,1.3,1.3737194717655554
0.5,1.4000000000000001,1.3825775886987237
0.5,1.5,1.3905987206736754
0.5,1.6,1.3978960263233686
0.5,1.7000000000000002,1.4045631650317056
0.5,1.8,1.4106783196432233
0.5,1.9000000000000001,1.416307263672726
0.5,2.0,1.421505727479477
0.5,2.1,1.4263212433274797
0.5,2.2,1.4307945983878212
0.5,2.3000000000000003,1.4349609894864268
0.5,2.4000000000000004,1.4388509486158303
0.5,2.5,1.44249109057166
0.5,2.6,1.4459047213384766
0.5,2.7,1.4491123365577039
0.5,2.8000000000000003,1.4521320325585632
0.5,2.9000000000000004,1.454979847329736
0.5,3.0,1.457670044972977
0.5,3.1,1.460215354270282
0.5,3.2,1.46262716977127
0.5,3.3000000000000003,1.4649157220927707
0.5,3.4000000000000004,1.4670902227914864
0.5,3.5,1.469158988130018
0.5,3.6,1.4711295452377402
0.5,3.7,1.4730087235197136
0.5,3.8000000000000003,1.4748027336504481
0.5,3.9000000000000004,1.4765172360757586
0.5,4.0,1.478157400612909
0.5,4.1000000000000005,1.4797279584696987
0.5,4.2,1.4812332477839145
0.5,4.3,1.4826772536054502
0.5,4.4,1.4840636430963783
0.5,4.5,1.4853957966030924
0.5,4.6000000000000005,1.4866768351543582
0.5,4.7,1.487909644855799
0.5,4.800000000000001,1.489096898581872
0.5,4.9,1.4902410753082382
0.5,5.0,1.491344477378601
0.5,5.1000000000000005,1.4924092459589426
0.5,5.2,1.4934373748973004
0.5,5.300000000000001,1.4944307231777396
0.5,5.4,1.495391026132086
0.5,5.5,1.4963199055516052
0.5,5.6000000000000005,1.4972188788225027
0.5,5.7,1.4980893671934399
0.5,5.800000000000001,1.4989327032697706
0.5,5.9,1.499750137817573
0.5,6.0,1.5005428459505106
0.5,6.1000000000000005,1.5013119327638522
0.5,6.2,1.5020584384724365
0.5,6.300000000000001,1.5027833431027913
0.5,6.4,1.5034875707838995
0.5,6.5,1.5041719936760933
0.5,6.6000000000000005,1.5048374355731917
0.5,6.7,1.5054846752091438
0.5,6.800000000000001,1.5061144492970788
0.5,6.9,1.5067274553256882
0.5,7.0,1.5073243541352452
0.5,7.1000000000000005,1.5079057722932616
0.5,7.2,1.5084723042877233
0.5,7.300000000000001,1.509024514554046
0.5,7.4,1.5095629393502688
0.5,7.5,1.5100880884935797
0.5,7.6000000000000005,1.5106004469699916
0.5,7.7,1.511100476427845
0.5,7.800000000000001,1.5115886165648056
0.5,7.9,1.5120652864171116
0.5,8.0,1.5125308855590145
0.5,8.1,1.5129857952196268
0.5,8.200000000000001,1.5134303793237385
0.5,8.3,1.5138649854625694
0.5,8.4,1.514289945799902
0.5,8.5,1.5147055779185543
0.5,8.6,1.515112185611731
0.5,8.700000000000001,1.5155100596233868
0.5,8.8,1.5158994783414033
0.5,8.9,1.5162807084470438
0.5,9.0,1.516654005523875
0.5,9.1,1.5170196146290709
0.5,9.200000000000001,1.517377770829788
0.5,9.3,1.5177286997070742
0.5,9.4,1.5180726178295825
0.5,9.5,1.5184097331991797
0.5,9.600000000000001,1.5187402456703751
0.5,9.700000000000001,1.5190643473453476
0.5,9.8,1.5193822229462106
0.5,9.9,1.5196940501660305
0.5,10.0,1.52
0.5,10.100000000000001,1.5203002370580638
0.5,10.200000000000001,1.5205949198601947
0.5,10.3,1.520884201115438
0.5,10.4,1.521168227985749
0.5,10.5,1.521447142335589
0.5,10.600000000000001,1.5217210809681618
0.5,10.700000000000001,1.5219901758491234
0.5,10.8,1.5222545543185275
0.5,10.9,1.5225143392917289
0.5,11.0,1.5227696494499021
0.5,11.100000000000001,1.5230205994208041
0.5,11.200000000000001,1.5232672999503527
0.5,11.3,1.5235098580655642
0.5,11.4,1.523748377229353
0.5,11.5,1.5239829574876613
0.5,11.600000000000001,1.5242136956093622
0.5,11.700000000000001,1.524440685219344
0.5,11.8,1.5246640169251613
0.5,11.9,1.5248837784376137
0.5,12.0,1.525100054685587
0.5,12.100000000000001,1.5253129279254758
0.5,12.200000000000001,1.5255224778454788
0.5,12.3,1.5257287816650518
0.5,12.4,1.525931914229772
0.5,12.5,1.5261319481018611
0.5,12.600000000000001,1.5263289536466007
0.5,12.700000000000001,1.5265229991148483
0.5,12.8,1.526714150721867
0.5,12.9,1.5269024727226488
0.5,13.0,1.5270880274839247
0.5,13.100000000000001,1.5272708755530175
0.5,13.200000000000001,1.5274510757237072
0.5,13.3,1.5276286850992549
0.5,13.4,1.5278037591527287
0.5,13.5,1.5279763517847624
0.5,13.600000000000001,1.5281465153788787
0.5,13.700000000000001,1.5283143008544917
0.5,13.8,1.5284797577177018
0.5,13.9,1.5286429341099927
0.5,14.0,1.5288038768549268
0.5,14.100000000000001,1.5289626315029377
0.5,14.200000000000001,1.529119242374307
0.5,14.3,1.5292737526004128
0.5,14.4,1.5294262041633289
0.5,14.5,1.5295766379338525
0.5,14.600000000000001,1.529725093708031
0.5,14.700000000000001,1.5298716102422583
0.5,14.8,1.530016225287005
0.5,14.9,1.530158975619243
0.5,15.0,1.5302998970736235
0.5,15.100000000000001,1.5304390245724664
0.5,15.200000000000001,1.5305763921546103
0.5,15.3,1.5307120330031745
0.5,15.4,1.5308459794722815
0.5,15.5,1.5309782631127833
0.5,15.600000000000001,1.531108914697037
0.5,15.700000000000001,1.531237964242767
0.5,15.8,1.5313654410360575
0.5,15.9,1.5314913736535074
0.5,16.0,1.5316157899835852
0.5,16.1,1.5317387172472183
0.5,16.2,1.5318601820176467
0.5,16.3,1.5319802102395719
0.5,16.400000000000002,1.532098827247632
0.5,16.5,1.5322160577842268
0.5,16.6,1.5323319260167232
0.5,16.7,1.5324464555540638
0.5,16.8,1.5325596694628036
0.5,16.900000000000002,1.5326715902825951
0.5,17.0,1.5327822400411495
0.5,17.1,1.5328916402686874
0.5,17.2,1.5329998120119057
0.5,17.3,1.5331067758474746
0.5,17.400000000000002,1.5332125518950854
0.5,17.5,1.5333171598300674
0.5,17.6,1.5334206188955872
0.5,17.7,1.5335229479144494
0.5,17.8,1.5336241653005123
0.5,17.900000000000002,1.5337242890697345
0.5,18.0,1.533823336850864
0.5,18.1,1.5339213258957847
0.5,18.2,1.5340182730895349
0.5,18.3,1.534114194960005
0.5,18.400000000000002,1.5342091076873319
0.5,18.5,1.5343030271129954
0.5,18.6,1.534395968748634
0.5,18.7,1.534487947784584
0.5,18.8,1.5345789790981563
0.5,18.900000000000002,1.5346690772616576
0.5,19.0,1.534758256550167
0.5,19.1,1.534846530949075
0.5,19.200000000000003,1.534933914161396
0.5,19.3,1.5350204196148578
0.5,19.400000000000002,1.5351060604687807
0.5,19.5,1.5351908496207507
0.5,19.6,1.5352747997130938
0.5,19.700000000000003,1.5353579231391605
0.5,19.8,1.5354402320494243
0.5,19.900000000000002,1.5355217383574022
0.5,20.0,1.5356024537454045
0.5,20.1,1.5356823896701135
0.5,20.200000000000003,1.535761557368008
0.5,20.3,1.5358399678606247
0.5,20.400000000000002,1.5359176319596768
0.5,20.5,1.535994560272021
0.5,20.6,1.5360707632044877
0.5,20.700000000000003,1.536146250968573
0.5,20.8,1.5362210335850017
0.5,20.900000000000002,1.5362951208881603
0.5,21.0,1.5363685225304085
0.5,21.1,1.5364412479862717
0.5,21.200000000000003,1.536513306556517
0.5,21.3,1.5365847073721188
0.5,21.400000000000002,1.5366554593981159
0.5,21.5,1.5367255714373624
0.5,21.6,1.5367950521341813
0.5,21.700000000000003,1.5368639099779149
0.5,21.8,1.5369321533063838
0.5,21.900000000000002,1.5369997903092512
0.5,22.0,1.537066829031301
0.5,22.1,1.5371332773756254
0.5,22.200000000000003,1.5371991431067327
0.5,22.3,1.537264433853569
0.5,22.400000000000002,1.5373291571124668
0.5,22.5,1.537393320250012
0.5,22.6,1.5374569305058394
0.5,22.700000000000003,1.5375199949953564
0.5,22.8,1.537582520712395
0.5,22.900000000000002,1.5376445145317976
0.5,23.0,1.5377059832119384
0.5,23.1,1.5377669333971764
0.5,23.200000000000003,1.5378273716202524
0.5,23.3,1.5378873043046215
0.5,23.400000000000002,1.537946737766729
0.5,23.5,1.5380056782182303
0.5,23.6,1.538064131768154
0.5,23.700000000000003,1.538122104425013
0.5,23.8,1.5381796020988638
0.5,23.900000000000002,1.5382366306033144
0.5,24.0,1.5382931956574832
0.5,24.1,1.538349302887913
0.5,24.200000000000003,1.5384049578304335
0.5,24.3,1.538460165931985
0.5,24.400000000000002,1.5385149325523932
0.5,24.5,1.538569262966106
0.5,24.6,1.5386231623638844
0.5,24.700000000000003,1.538676635854457
0.5,24.8,1.5387296884661346
0.5,24.900000000000002,1.538782325148385
0.5,25.0,1.5388345507733727
0.5,25.1,1.5388863701374635
0.5,25.200000000000003,1.5389377879626907
0.5,25.3,1.5389888088981911
0.5,25.400000000000002,1.5390394375216059
0.5,25.5,1.539089678340449
0.5,25.6,1.5391395357934463
0.5,25.700000000000003,1.5391890142518407
0.5,25.8,1.5392381180206725
0.5,25.900000000000002,1.5392868513400253
0.5,26.0,1.5393352183862477
0.5,26.1,1.539383223273147
0.5,26.200000000000003,1.5394308700531543
0.5,26.3,1.5394781627184657
0.5,26.400000000000002,1.5395251052021568
0.5,26.5,1.5395717013792733
0.5,26.6,1.5396179550678974
0.5,26.700000000000003,1.5396638700301903
0.5,26.8,1.5397094499734127
0.5,26.900000000000002,1.5397546985509225
0.5,27.0,1.5397996193631507
0.5,27.1,1.5398442159585564
0.5,27.200000000000003,1.5398884918345612
0.5,27.3,1.539932450438464
0.5,27.400000000000002,1.5399760951683346
0.5,27.5,1.5400194293738911
0.5,27.6,1.5400624563573546
0.5,27.700000000000003,1.54010517937429
0.5,27.8,1.540147601634426
0.5,27.900000000000002,1.5401897263024595
0.5,28.0,1.5402315564988422
0.5,28.1,1.5402730953005512
0.5,28.200000000000003,1.5403143457418436
0.5,28.3,1.5403553108149954
0.5,28.400000000000002,1.5403959934710252
0.5,28.5,1.540436396620402
0.5,28.6,1.54047652313374
0.5,28.700000000000003,1.5405163758424785
0.5,28.8,1.5405559575395478
0.5,28.900000000000002,1.540595270980021
0.5,29.0,1.5406343188817546
0.5,29.1,1.5406731039260133
0.5,29.200000000000003,1.5407116287580853
0.5,29.3,1.540749895987882
0.5,29.400000000000002,1.5407879081905287
0.5,29.5,1.5408256679069416
0.5,29.6,1.5408631776443946
0.5,29.700000000000003,1.5409004398770738
0.5,29.8,1.5409374570466206
0.5,29.900000000000002,1.5409742315626673
0.5,30.0,1.5410107658033576
1.0,0.0,1.0
1.0,0.1,1.042759988957706
1.0,0.2,1.0797867429325707
1.0,0.30000000000000004,1.1121421363062933
1.0,0.4,1.1406458951650236
1.0,0.5,1.1659394102129297
1.0,0.6000000000000001,1.188530907713873
1.0,0.7000000000000001,1.208827826527192
1.0,0.8,1.227160335995952
1.0,0.9,1.2437986469447317
1.0,1.0,1.258965918210542
1.0,1.1,1.2728479971573747
1.0,1.2000000000000002,1.2856008555333316
1.0,1.3,1.297356327269598
1.0,1.4000000000000001,1.308226580699348
1.0,1.5,1.318307637230132
1.0,1.6,1.3276821641856564
1.0,1.7000000000000002,1.3364217098129578
1.0,1.8,1.3445885056742592
1.0,1.9000000000000001,1.3522369306705868
1.0,2.0,1.3594147082876744
1.0,2.1,1.366163891918707
1.0,2.2,1.372521680640961
1.0,2.3000000000000003,1.3785210984387877
1.0,2.4000000000000004,1.3841915627479886
1.0,2.5,1.3895593627559613
1.0,2.6,1.3946480637017211
1.0,2.7,1.3994788501696676
1.0,2.8000000000000003,1.4040708188327329
1.0,2.9000000000000004,1.4084412291056108
1.0,3.0,1.4126057185911631
1.0,3.1,1.416578488948291
1.0,3.2,1.4203724668058748
1.0,3.3000000000000003,1.4239994435403636
1.0,3.4000000000000004,1.4274701970823525
1.0,3.5,1.4307945983878212
1.0,3.6,1.4339817047775543
1.0,3.7,1.4370398419941373
1.0,3.8000000000000003,1.4399766765344602
1.0,3.9000000000000004,1.4427992795748366
1.0,4.0,1.4455141836060437
1.0,4.1000000000000005,1.4481274327292215
1.0,4.2,1.4506446274245386
1.0,4.3,1.4530709644879234
1.0,4.4,1.4554112727330533
1.0,4.5,1.457670044972977
1.0,4.6000000000000005,1.4598514667256097
1.0,4.7,1.4619594420277846
1.0,4.800000000000001,1.4639976166918034
1.0,4.9,1.4659693992951097
1.0,5.0,1.4678779801565789
1.0,5.1000000000000005,1.4697263485210623
1.0,5.2,1.4715173081463848
1.0,5.300000000000001,1.4732534914633202
1.0,5.4,1.474937372458593
1.0,5.5,1.4765712784131986
1.0,5.6000000000000005,1.478157400612909
1.0,5.7,1.4796978041343969
1.0,5.800000000000001,1.4811944367986913
1.0,5.9,1.482649137373428
1.0,6.0,1.4840636430963783
1.0,6.1000000000000005,1.4854395965848601
1.0,6.2,1.4867785521887076
1.0,6.300000000000001,1.4880819818383613
1.0,6.4,1.489351280434266
1.0,6.5,1.4905877708189852
1.0,6.6000000000000005,1.491792708369237
1.0,6.7,1.4929672852413078
1.0,6.800000000000001,1.494112634299975
1.0,6.9,1.4952298327581257
1.0,7.0,1.4963199055516052
1.0,7.1000000000000005,1.4973838284715
1.0,7.2,1.4984225310739407
1.0,7.300000000000001,1.4994368993856433
1.0,7.4,1.500427778421718
1.0,7.5,1.501395974530765
1.0,7.6000000000000005,1.5023422575809189
1.0,7.7,1.5032673629992825
1.0,7.800000000000001,1.5041719936760933
1.0,7.9,1.5050568217439704
1.0,8.0,1.5059224902416979
1.0,8.1,1.5067696146711913
1.0,8.200000000000001,1.5075987844555594
1.0,8.3,1.508410564305516
1.0,8.4,1.5092054955007872
1.0,8.5,1.5099840970926237
1.0,8.6,1.5107468670330217
1.0,8.700000000000001,1.511494283235813
1.0,8.8,1.5122268045743725
1.0,8.9,1.5129448718203122
1.0,9.0,1.5136489085271965
1.0,9.1,1.5143393218629955
1.0,9.200000000000001,1.5150165033947165
1.0,9.3,1.5156808298283808
1.0,9.4,1.5163326637072905
1.0,9.5,1.516972354071293
1.0,9.600000000000001,1.5176002370795707
1.0,9.700000000000001,1.5182166365992789
1.0,9.8,1.5188218647622043
1.0,9.9,1.519416222491448
1.0,10.0,1.52
1.0,10.100000000000001,1.5205734772629413
1.0,10.200000000000001,1.5211369244648838
1.0,10.3,1.5216906024241528
1.0,10.4,1.5222347629951072
1.0,10.5,1.522769649449902
1.0,10.600000000000001,1.5232954968409091
1.0,10.700000000000001,1.5238125323449265
1.0,10.8,1.52432097559024
1.0,10.9,1.5248210389675187
1.0,11.0,1.5253129279254758
1.0,11.100000000000001,1.5257968412521536
1.0,11.200000000000001,1.5262729713426435
1.0,11.3,1.526741504453998
1.0,11.4,1.527202620948043
1.0,11.5,1.5276564955227556
1.0,11.600000000000001,1.5281032974328321
1.0,11.700000000000001,1.5285431907000264
1.0,11.8,1.5289763343138147
1.0,11.9,1.529402882422895
1.0,12.0,1.5298229845180087
1.0,12.100000000000001,1.5302367856065429
1.0,12.200000000000001,1.5306444263793337
1.0,12.3,1.531046043370082
1.0,12.4,1.5314417691077538
1.0,12.5,1.5318317322623285
1.0,12.600000000000001,1.5322160577842268
1.0,12.700000000000001,1.5325948670377372
1.0,12.8,1.532968277928743
1.0,12.9,1.533336405027025
1.0,13.0,1.5336993596834168
1.0,13.100000000000001,1.5340572501420515
1.0,13.200000000000001,1.53441018164795
1.0,13.3,1.534758256550167
1.0,13.4,1.5351015744007082
1.0,13.5,1.535440232049424
1.0,13.600000000000001,1.5357743237350645
1.0,13.700000000000001,1.536103941172677
1.0,13.8,1.536429173637518
1.0,13.9,1.5367501080456394
1.0,14.0,1.537066829031301
1.0,14.100000000000001,1.5373794190213559
1.0,14.200000000000001,1.5376879583067444
1.0,14.3,1.5379925251112274
1.0,14.4,1.5382931956574832
1.0,14.5,1.5385900442306852
1.0,14.600000000000001,1.5388831432396681
1.0,14.700000000000001,1.5391725632757958
1.0,14.8,1.539458373169624
1.0,14.9,1.5397406400454574
1.0,15.0,1.5400194293738911
1.0,15.100000000000001,1.5402948050224212
1.0,15.200000000000001,1.5405668293042112
1.0,15.3,1.5408355630250852
1.0,15.4,1.5411010655288293
1.0,15.5,1.5413633947408685
1.0,15.600000000000001,1.541622607210386
1.0,15.700000000000001,1.5418787581509534
1.0,15.8,1.5421319014797263
1.0,15.9,1.5423820898552705
1.0,16.0,1.5426293747140705
1.0,16.1,1.5428738063057752
1.0,16.2,1.54311543372723
1.0,16.3,1.5433543049553446
1.0,16.400000000000002,1.5435904668788447
1.0,16.5,1.5438239653289465
1.0,16.6,1.544054845109002
1.0,16.7,1.544283150023151
1.0,16.8,1.5445089229040223
1.0,16.900000000000002,1.5447322056395147
1.0,17.0,1.544953039198701
1.0,17.1,1.545171463656882
1.0,17.2,1.5453875182198262
1.0,17.3,1.5456012412472242
1.0,17.400000000000002,1.545812670275388
1.0,17.5,1.546021842039225
1.0,17.6,1.54622879249351
1.0,17.7,1.5464335568334844
1.0,17.8,1.5466361695148059
1.0,17.900000000000002,1.5468366642728726
1.0,18.0,1.5470350741415453
1.0,18.1,1.5472314314712867
1.0,18.2,1.5474257679467434
1.0,18.3,1.5476181146037862
1.0,18.400000000000002,1.5478085018460292
1.0,18.5,1.5479969594608503
1.0,18.6,1.5481835166349207
1.0,18.7,1.5483682019692742
1.0,18.8,1.5485510434939203
1.0,18.900000000000002,1.5487320686820238
1.0,19.0,1.5489113044636635
1.0,19.1,1.549088777239186
1.0,19.200000000000003,1.549264512892165
1.0,19.3,1.5494385368019854
1.0,19.400000000000002,1.5496108738560583
1.0,19.5,1.5497815484616855
1.0,19.6,1.5499505845575783
1.0,19.700000000000003,1.5501180056250514
1.0,19.8,1.5502838346988936
1.0,19.900000000000002,1.5504480943779315
1.0,20.0,1.5506108068352937
1.0,20.1,1.5507719938283882
1.0,20.200000000000003,1.5509316767085983
1.0,20.3,1.5510898764307104
1.0,20.400000000000002,1.5512466135620788
1.0,20.5,1.5514019082915391
1.0,20.6,1.5515557804380742
1.0,20.700000000000003,1.5517082494592458
1.0,20.8,1.551859334459396
1.0,20.900000000000002,1.5520090541976241
1.0,21.0,1.552157427095552
1.0,21.1,1.5523044712448775
1.0,21.200000000000003,1.5524502044147275
1.0,21.3,1.5525946440588159
1.0,21.400000000000002,1.5527378073224098
1.0,21.5,1.552879711049113
1.0,21.6,1.5530203717874724
1.0,21.700000000000003,1.553159805797409
1.0,21.8,1.553298029056484
1.0,21.900000000000002,1.5534350572659998
1.0,22.0,1.5535709058569471
1.0,22.1,1.5537055899957937
1.0,22.200000000000003,1.553839124590132
1.0,22.3,1.553971524294175
1.0,22.400000000000002,1.5541028035141198
1.0,22.5,1.5542329764133702
1.0,22.6,1.5543620569176304
1.0,22.700000000000003,1.5544900587198716
1.0,22.8,1.5546169952851718
1.0,22.900000000000002,1.5547428798554388
1.0,23.0,1.5548677254540126
1.0,23.1,1.5549915448901588
1.0,23.200000000000003,1.5551143507634457
1.0,23.3,1.5552361554680214
1.0,23.400000000000002,1.555356971196781
1.0,23.5,1.5554768099454344
1.0,23.6,1.555595683516478
1.0,23.700000000000003,1.5557136035230676
1.0,23.8,1.5558305813928008
1.0,23.900000000000002,1.555946628371408
1.0,24.0,1.5560617555263558
1.0,24.1,1.5561759737503653
1.0,24.200000000000003,1.5562892937648471
1.0,24.3,1.5564017261232566
1.0,24.400000000000002,1.5565132812143683
1.0,24.5,1.556623969265477
1.0,24.6,1.5567338003455229
1.0,24.700000000000003,1.5568427843681432
1.0,24.8,1.5569509310946559
1.0,24.900000000000002,1.557058250136974
1.0,25.0,1.5571647509604531
1.0,25.1,1.5572704428866726
1.0,25.200000000000003,1.5573753350961568
1.0,25.3,1.5574794366310318
1.0,25.400000000000002,1.5575827563976248
1.0,25.5,1.5576853031690023
1.0,25.6,1.5577870855874547
1.0,25.700000000000003,1.5578881121669226
1.0,25.8,1.5579883912953716
1.0,25.900000000000002,1.5580879312371132
1.0,26.0,1.558186740135075
1.0,26.1,1.5582848260130218
1.0,26.200000000000003,1.558382196777725
1.0,26.3,1.5584788602210906
1.0,26.400000000000002,1.5585748240222348
1.0,26.5,1.5586700957495183
1.0,26.6,1.5587646828625363
1.0,26.700000000000003,1.5588585927140652
1.0,26.8,1.5589518325519658
1.0,26.900000000000002,1.5590444095210516
1.0,27.0,1.5591363306649098
1.0,27.1,1.5592276029276906
1.0,27.200000000000003,1.5593182331558537
1.0,27.3,1.5594082280998818
1.0,27.400000000000002,1.5594975944159544
1.0,27.5,1.5595863386675908
1.0,27.6,1.5596744673272562
1.0,27.700000000000003,1.5597619867779344
1.0,27.8,1.5598489033146703
1.0,27.900000000000002,1.5599352231460777
1.0,28.0,1.5600209523958177
1.0,28.1,1.560106097104048
1.0,28.200000000000003,1.5601906632288396
1.0,28.3,1.5602746566475685
1.0,28.400000000000002,1.5603580831582748
1.0,28.5,1.5604409484809993
1.0,28.6,1.5605232582590893
1.0,28.700000000000003,1.5606050180604791
1.0,28.8,1.5606862333789469
1.0,28.900000000000002,1.5607669096353447
1.0,29.0,1.560847052178804
1.0,29.1,1.560926666287918
1.0,29.200000000000003,1.5610057571719012
1.0,29.3,1.5610843299717245
1.0,29.400000000000002,1.5611623897612297
1.0,29.5,1.5612399415482217
1.0,29.6,1.5613169902755388
1.0,29.700000000000003,1.561393540822103
1.0,29.8,1.5614695980039501
1.0,29.900000000000002,1.5615451665752393
1.0,30.0,1.561620251229244
2.0,0.0,1.0
2.0,0.1,1.024214835442396
2.0,0.2,1.0467367745630252
2.0,0.30000000000000004,1.0677325307539745
2.0,0.4,1.087348394571075
2.0,0.5,1.105713115669766
2.0,0.6000000000000001,1.122940346153569
2.0,0.7000000000000001,1.1391307112194504
2.0,0.8,1.1543735652546019
2.0,0.9,1.1687484834255983
2.0,1.0,1.182326531176294
2.0,1.1,1.1951713472678847
2.0,1.2000000000000002,1.2073400701430301
2.0,1.3,1.2188841324394104
2.0,1.4000000000000001,1.229849944326142
2.0,1.5,1.2402794828817751
2.0,1.6,1.2502108018690008
2.0,1.7000000000000002,1.2596784738920757
2.0,1.8,1.268713974964019
2.0,1.9000000000000001,1.2773460198902251
2.0,2.0,1.2856008555333316
2.0,2.1,1.2935025179113926
2.0,2.2,1.301073058156818
2.0,2.3000000000000003,1.308332741593671
2.0,2.4000000000000004,1.315300223548452
2.0,2.5,1.3219927049720164
2.0,2.6,1.3284260704995596
2.0,2.7,1.3346150111966577
2.0,2.8000000000000003,1.340573133919954
2.0,2.9000000000000004,1.3463130589512031
2.0,3.0,1.351846507334744
2.0,3.1,1.357184379154319
2.0,3.2,1.3623368238198434
2.0,3.3000000000000003,1.3673133032936657
2.0,3.4000000000000004,1.372122649065176
2.0,3.5,1.3767731135791326
2.0,3.6,1.3812724167341563
2.0,3.7,1.3856277879912131
2.0,3.8000000000000003,1.3898460045657968
2.0,3.9000000000000004,1.393933426120286
2.0,4.0,1.3978960263233686
2.0,4.1000000000000005,1.4017394216003138
2.0,4.2,1.4054688973603815
2.0,4.3,1.4090894319549252
2.0,4.4,1.4126057185911631
2.0,4.5,1.4160221854015613
2.0,4.6000000000000005,1.419343013846811
2.0,4.7,1.4225721556111017
2.0,4.800000000000001,1.4257133481314053
2.0,4.9,1.4287701288875145
2.0,5.0,1.4317458485663686
2.0,5.1000000000000005,1.434643683202488
2.0,5.2,1.4374666453859948
2.0,5.300000000000001,1.4402175946204885
2.0,5.4,1.4428992469048838
2.0,5.5,1.4455141836060437
2.0,5.6000000000000005,1.4480648596825558
2.0,5.7,1.4505536113142266
2.0,5.800000000000001,1.4529826629866824
2.0,5.9,1.4553541340758556
2.0,6.0,1.4576700449729767
2.0,6.1000000000000005,1.4599323227869794
2.0,6.2,1.4621428066578812
2.0,6.300000000000001,1.4643032527116973
2.0,6.4,1.466415338684737
2.0,6.5,1.4684806682426914
2.0,6.6000000000000005,1.4705007750177181
2.0,6.7,1.472477126384738
2.0,6.800000000000001,1.4744111269963565
2.0,6.9,1.476304122094191
2.0,7.0,1.478157400612909
2.0,7.1000000000000005,1.4799721980919338
2.0,7.2,1.4817496994085633
2.0,7.300000000000001,1.4834910413451283
2.0,7.4,1.4851973150018207
2.0,7.5,1.4868695680658852
2.0,7.6000000000000005,1.4885088069470482
2.0,7.7,1.4901159987882737
2.0,7.800000000000001,1.4916920733602526
2.0,7.9,1.4932379248473788
2.0,8.0,1.4947544135323911
2.0,8.1,1.4962423673863139
2.0,8.200000000000001,1.4977025835698463
2.0,8.3,1.4991358298518918
2.0,8.4,1.5005428459505106
2.0,8.5,1.5019243448011936
2.0,8.6,1.5032810137570096
2.0,8.700000000000001,1.5046135157248486
2.0,8.8,1.5059224902416979
2.0,8.9,1.5072085544946037
2.0,9.0,1.508472304287723
2.0,9.1,1.50971431495964
2.0,9.200000000000001,1.5109351422539004
2.0,9.3,1.5121353231455232
2.0,9.4,1.5133153766260619
2.0,9.5,1.5144758044496187
2.0,9.600000000000001,1.5156170918420575
2.0,9.700000000000001,1.5167397081755134
2.0,9.8,1.5178441076101636
2.0,9.9,1.5189307297050965
2.0,10.0,1.52
2.0,10.100000000000001,1.5210523305692805
2.0,10.200000000000001,1.5220881205501258
2.0,10.3,1.5231077566459268
2.0,10.4,1.5241116136063895
2.0,10.5,1.525100054685587
2.0,10.600000000000001,1.5260734320791214
2.0,10.700000000000001,1.5270320873415
2.0,10.8,1.5279763517847624
2.0,10.9,1.528906546859332
2.0,11.0,1.5298229845180087
2.0,11.100000000000001,1.5307259675639693
2.0,11.200000000000001,1.5316157899835852
2.0,11.3,1.5324927372648267
2.0,11.4,1.5333570867019766
2.0,11.5,1.5342091076873317
2.0,11.600000000000001,1.5350490619905404
2.0,11.700000000000001,1.5358772040261774
2.0,11.8,1.5366937811101338
2.0,11.9,1.537499033705361
2.0,12.0,1.5382931956574832
2.0,12.100000000000001,1.5390764944207587
2.0,12.200000000000001,1.5398491512748493
2.0,12.3,1.5406113815328335
2.0,12.4,1.5413633947408685
2.0,12.5,1.5421053948698924
2.0,12.600000000000001,1.5428375804997354
2.0,12.700000000000001,1.5435601449959824
2.0,12.8,1.5442732766799259
2.0,12.9,1.544977158991914
2.0,13.0,1.5456719706483972
2.0,13.100000000000001,1.5463578857929507
2.0,13.200000000000001,1.547035074141545
2.0,13.3,1.5477037011223127
2.0,13.4,1.5483639280100576
2.0,13.5,1.5490159120557363
2.0,13.600000000000001,1.5496598066111236
2.0,13.700000000000001,1.5502957612488772
2.0,13.8,1.5509239218781923
2.0,13.9,1.5515444308562383
2.0,14.0,1.552157427095552
2.0,14.100000000000001,1.5527630461675617
2.0,14.200000000000001,1.5533614204023996
2.0,14.3,1.553952678985159
2.0,14.4,1.5545369480487432
2.0,14.5,1.5551143507634457
2.0,14.600000000000001,1.555685007423394
2.0,14.700000000000001,1.5562490355299867
2.0,14.8,1.5568065498724422
2.0,14.9,1.5573576626055774
2.0,15.0,1.5579024833249262
2.0,15.100000000000001,1.5584411191393026
2.0,15.200000000000001,1.5589736747409102
2.0,15.3,1.559500252473092
2.0,15.4,1.5600209523958177
2.0,15.5,1.5605358723489897
2.0,15.600000000000001,1.5610451080136571
2.0,15.700000000000001,1.5615487529712155
2.0,15.8,1.562046898760669
2.0,15.9,1.562539634934031
2.0,16.0,1.56302704910993
2.0,16.1,1.5635092270254913
2.0,16.2,1.563986252586555
2.0,16.3,1.5644582079162994
2.0,16.400000000000002,1.5649251734023173
2.0,16.5,1.5653872277422145
2.0,16.6,1.5658444479877751
2.0,16.7,1.5662969095877515
2.0,16.8,1.5667446864293242
2.0,16.900000000000002,1.5671878508782848
2.0,17.0,1.5676264738179828
2.0,17.1,1.5680606246870825
2.0,17.2,1.5684903715161735
2.0,17.3,1.5689157809632719
2.0,17.400000000000002,1.5693369183482548
2.0,17.5,1.569753847686262
2.0,17.6,1.570166631720104
2.0,17.7,1.5705753319517073
2.0,17.8,1.5709800086726342
2.0,17.900000000000002,1.5713807209937039
2.0,18.0,1.5717775268737495
2.0,18.1,1.5721704831475398
2.0,18.2,1.572559645552891
2.0,18.3,1.5729450687569984
2.0,18.400000000000002,1.5733268063820143
2.0,18.5,1.5737049110298955
2.0,18.6,1.5740794343065458
2.0,18.7,1.5744504268452744
2.0,18.8,1.5748179383295984
2.0,18.900000000000002,1.5751820175154032
2.0,19.0,1.575542712252487
2.0,19.1,1.5759000695055083
2.0,19.200000000000003,1.5762541353743535
2.0,19.3,1.5766049551139472
2.0,19.400000000000002,1.5769525731535172
2.0,19.5,1.5772970331153386
2.0,19.6,1.5776383778329666
2.0,19.700000000000003,1.5779766493689784
2.0,19.8,1.5783118890322396
2.0,19.900000000000002,1.5786441373947073
2.0,20.0,1.5789734343077855
2.0,20.1,1.579299818918248
2.0,20.200000000000003,1.5796233296837412
2.0,20.3,1.5799440043878772
2.0,20.400000000000002,1.5802618801549357
2.0,20.5,1.5805769934641787
2.0,20.6,1.580889380163798
2.0,20.700000000000003,1.5811990754844987
2.0,20.8,1.5815061140527362
2.0,20.900000000000002,1.5818105299036131
2.0,21.0,1.5821123564934463
2.0,21.1,1.5824116267120178
2.0,21.200000000000003,1.582708372894512
2.0,21.3,1.5830026268331554
2.0,21.400000000000002,1.5832944197885637
2.0,21.5,1.583583782500805
2.0,21.6,1.5838707452001877
2.0,21.700000000000003,1.5841553376177822
2.0,21.8,1.5844375889956828
2.0,21.900000000000002,1.5847175280970178
2.0,22.0,1.584995183215713
2.0,22.1,1.5852705821860205
2.0,22.200000000000003,1.585543752391813
2.0,22.3,1.5858147207756563
2.0,22.400000000000002,1.5860835138476612
2.0,22.5,1.5863501576941246
2.0,22.6,1.5866146779859638
2.0,22.700000000000003,1.5868770999869506
2.0,22.8,1.5871374485617489
2.0,22.900000000000002,1.5873957481837648
2.0,23.0,1.587652022942811
2.0,23.1,1.5879062965525912
2.0,23.200000000000003,1.5881585923580117
2.0,23.3,1.5884089333423204
2.0,23.400000000000002,1.5886573421340842
2.0,23.5,1.5889038410140024
2.0,23.6,1.5891484519215657
2.0,23.700000000000003,1.589391196461561
2.0,23.8,1.5896320959104295
2.0,23.900000000000002,1.5898711712224802
2.0,24.0,1.5901084430359624
2.0,24.1,1.5903439316790011
2.0,24.200000000000003,1.5905776571754002
2.0,24.3,1.5908096392503148
2.0,24.400000000000002,1.591039897335798
2.0,24.5,1.5912684505762245
2.0,24.6,1.5914953178335924
2.0,24.700000000000003,1.5917205176927114
2.0,24.8,1.5919440684662742
2.0,24.900000000000002,1.5921659881998191
2.0,25.0,1.5923862946765823
2.0,25.1,1.5926050054222467
2.0,25.200000000000003,1.5928221377095868
2.0,25.3,1.5930377085630143
2.0,25.400000000000002,1.5932517347630244
2.0,25.5,1.5934642328505497
2.0,25.6,1.5936752191312185
2.0,25.700000000000003,1.5938847096795234
2.0,25.8,1.594092720342903
2.0,25.900000000000002,1.5942992667457352
2.0,26.0,1.594504364293248
2.0,26.1,1.594708028175348
2.0,26.200000000000003,1.5949102733703688
2.0,26.3,1.5951111146487416
2.0,26.400000000000002,1.5953105665765888
2.0,26.5,1.5955086435192447
2.0,26.6,1.5957053596447033
2.0,26.700000000000003,1.5959007289269935
2.0,26.8,1.5960947651494883
2.0,26.900000000000002,1.596287481908144
2.0,27.0,1.5964788926146753
2.0,27.1,1.5966690104996644
2.0,27.200000000000003,1.5968578486156084
2.0,27.3,1.5970454198399062
2.0,27.400000000000002,1.5972317368777837
2.0,27.5,1.5974168122651609
2.0,27.6,1.597600658371464
2.0,27.700000000000003,1.5977832874023783
2.0,27.8,1.5979647114025497
2.0,27.900000000000002,1.598144942258231
2.0,28.0,1.5983239916998766
2.0,28.1,1.5985018713046872
2.0,28.200000000000003,1.598678592499104
2.0,28.3,1.5988541665612532
2.0,28.400000000000002,1.5990286046233473
2.0,28.5,1.599201917674033
2.0,28.6,1.5993741165607025
2.0,28.700000000000003,1.5995452119917513
2.0,28.8,1.5997152145388003
2.0,28.900000000000002,1.599884134638871
2.0,29.0,1.6000519825965211
2.0,29.1,1.6002187685859397
2.0,29.200000000000003,1.600384502653
2.0,29.3,1.600549194717279
2.0,29.400000000000002,1.6007128545740332
2.0,29.5,1.6008754918961412
2.0,29.6,1.6010371162360086
2.0,29.700000000000003,1.6011977370274368
2.0,29.8,1.6013573635874594
2.0,29.900000000000002,1.6015160051181416
2.0,30.0,1.601673670708349
5.0,0.0,1.0
5.0,0.1,1.0123911518245874
5.0,0.2,1.0244504940529298
5.0,0.30000000000000004,1.036190365549835
5.0,0.4,1.0476225622872253
5.0,0.5,1.058758360833718
5.0,0.6000000000000001,1.0696085414129601
5.0,0.7000000000000001,1.080183410395736
5.0,0.8,1.0904928221278394
5.0,0.9,1.1005462000251498
5.0,1.0,1.110352556890736
5.0,1.1,1.1199205144272857
5.0,1.2000000000000002,1.1292583219326733
5.0,1.3,1.1383738741777916
5.0,1.4000000000000001,1.147274728474504
5.0,1.5,1.1559681209482258
5.0,1.6,1.1644609820346195
5.0,1.7000000000000002,1.1727599512235298
5.0,1.8,1.1808713910758426
5.0,1.9000000000000001,1.1888014005406564
5.0,2.0,1.1965558276011898
5.0,2.1,1.2041402812783286
5.0,2.2,1.211560143020799
5.0,2.3000000000000003,1.2188205775106957
5.0,2.4000000000000004,1.225926542912595
5.0,2.5,1.2328828005937953
5.0,2.6,1.2396939243424059
5.0,2.7,1.2463643091090804
5.0,2.8000000000000003,1.2528981792972094
5.0,2.9000000000000004,1.2592995966253546
5.0,3.0,1.2655724675846693
5.0,3.1,1.271720550512991
5.0,3.2,1.2777474623062557
5.0,3.3000000000000003,1.283656684786861
5.0,3.4000000000000004,1.2894515707475955
5.0,3.5,1.2951353496887983
5.0,3.6,1.3007111332654584
5.0,3.7,1.3061819204600789
5.0,3.8000000000000003,1.311550602496261
5.0,3.9000000000000004,1.3168199675071393
5.0,4.0,1.3219927049720164
5.0,4.1000000000000005,1.3270714099338021
5.0,4.2,1.332058587009144
5.0,4.3,1.3369566542024727
5.0,4.4,1.3417679465345498
5.0,4.5,1.3464947194954962
5.0,4.6000000000000005,1.351139152331719
5.0,4.7,1.3557033511756178
5.0,4.800000000000001,1.3601893520264363
5.0,4.9,1.3645991235901653
5.0,5.0,1.368934569985932
5.0,5.1000000000000005,1.3731975333259074
5.0,5.2,1.3773897961753496
5.0,5.300000000000001,1.3815130838990353
5.0,5.4,1.3855690668999736
5.0,5.5,1.3895593627559613
5.0,5.6000000000000005,1.3934855382592355
5.0,5.7,1.3973491113641738
5.0,5.800000000000001,1.4011515530477214
5.0,5.9,1.4048942890869631
5.0,6.0,1.4085787017580136
5.0,6.1000000000000005,1.4122061314601642
5.0,6.2,1.4157778782690127
5.0,6.300000000000001,1.4192952034220974
5.0,6.4,1.4227593307403579
5.0,6.5,1.4261714479885754
5.0,6.6000000000000005,1.4295327081777636
5.0,6.7,1.4328442308123275
5.0,6.800000000000001,1.4361071030846537
5.0,6.9,1.4393223810196563
5.0,7.0,1.44249109057166
5.0,7.1000000000000005,1.44561422867589
5.0,7.2,1.4486927642567025
5.0,7.300000000000001,1.4517276391945892
5.0,7.4,1.454719769253883
5.0,7.5,1.4576700449729767
5.0,7.6000000000000005,1.460579332518802
5.0,7.7,1.4634484745071892
5.0,7.800000000000001,1.4662782907906813
5.0,7.9,1.4690695792152693
5.0,8.0,1.4718231163474536
5.0,8.1,1.4745396581729653
5.0,8.200000000000001,1.4772199407684101
5.0,8.3,1.4798646809470348
5.0,8.4,1.4824745768797647
5.0,8.5,1.4850503086925875
5.0,8.6,1.4875925390413287
5.0,8.700000000000001,1.4901019136647875
5.0,8.8,1.492579061917175
5.0,8.9,1.4950245972807426
5.0,9.0,1.4974391178594435
5.0,9.1,1.4998232068544357
5.0,9.200000000000001,1.5021774330221926
5.0,9.3,1.5045023511159512
5.0,9.4,1.5067985023111945
5.0,9.5,1.509066414615833
5.0,9.600000000000001,1.5113066032657156
5.0,9.700000000000001,1.5135195711060732
5.0,9.8,1.5157058089594733
5.0,9.9,1.517865795980831
5.0,10.0,1.52
5.0,10.100000000000001,1.5221088778524474
5.0,10.200000000000001,1.5241928756984842
5.0,10.3,1.5262524293315112
5.0,10.4,1.5282879644757141
5.0,10.5,1.5302998970736235
5.0,10.600000000000001,1.5322886335639352
5.0,10.700000000000001,1.5342545711499778
5.0,10.8,1.5361980980591787
5.0,10.9,1.5381195937938894
5.0,11.0,1.5400194293738911
5.0,11.100000000000001,1.5418979675709028
5.0,11.200000000000001,1.5437555631353985
5.0,11.3,1.5455925630160203
5.0,11.4,1.547409306571866
5.0,11.5,1.5492061257779206
5.0,11.600000000000001,1.5509833454238886
5.0,11.700000000000001,1.5527412833066643
5.0,11.8,1.554480250416683
5.0,11.9,1.5562005511183732
5.0,12.0,1.5579024833249262
5.0,12.100000000000001,1.5595863386675908
5.0,12.200000000000001,1.561252402659688
5.0,12.3,1.56290095485554
5.0,12.4,1.5645322690044916
5.0,12.5,1.5661466132002024
5.0,12.600000000000001,1.5677442500253753
5.0,12.700000000000001,1.5693254366920808
5.0,12.8,1.5708904251778382
5.0,12.9,1.5724394623575935
5.0,13.0,1.5739727901317446
5.0,13.100000000000001,1.5754906455503452
5.0,13.200000000000001,1.5769932609336212
5.0,13.3,1.5784808639889278
5.0,13.4,1.5799536779242638
5.0,13.5,1.581411921558467
5.0,13.600000000000001,1.582855809428198
5.0,13.700000000000001,1.58428555189182
5.0,13.8,1.585701355230285
5.0,13.9,1.5871034217451163
5.0,14.0,1.588491949853594
5.0,14.100000000000001,1.5898671341812305
5.0,14.200000000000001,1.5912291656516222
5.0,14.3,1.5925782315737733
5.0,14.4,1.5939145157269632
5.0,14.5,1.5952381984432435
5.0,14.600000000000001,1.5965494566876415
5.0,14.700000000000001,1.5978484641361401
5.0,14.8,1.599135391251509
5.0,14.9,1.6004104053570534
5.0,15.0,1.601673670708349
5.0,15.100000000000001,1.6029253485630233
5.0,15.200000000000001,1.604165597248648
5.0,15.3,1.6053945722287994
5.0,15.4,1.6066124261673482
5.0,15.5,1.6078193089910238
5.0,15.600000000000001,1.6090153679503216
5.0,15.700000000000001,1.6102007476787903
5.0,15.8,1.6113755902507558
5.0,15.9,1.6125400352375305
5.0,16.0,1.6136942197621478
5.0,16.1,1.6148382785526751
5.0,16.2,1.6159723439941407
5.0,16.3,1.6170965461791205
5.0,16.400000000000002,1.6182110129570213
5.0,16.5,1.6193158699821053
5.0,16.6,1.6204112407602853
5.0,16.7,1.621497246694734
5.0,16.8,1.6225740071303378
5.0,16.900000000000002,1.623641639397031
5.0,17.0,1.6247002588520418
5.0,17.1,1.625749978921085
5.0,17.2,1.6267909111385246
5.0,17.3,1.6278231651865473
5.0,17.400000000000002,1.6288468489333623
5.0,17.5,1.6298620684704666
5.0,17.6,1.6308689281489948
5.0,17.7,1.6318675306151844
5.0,17.8,1.6328579768449771
5.0,17.900000000000002,1.6338403661777845
5.0,18.0,1.6348147963494384
5.0,18.1,1.6357813635243525
5.0,18.2,1.636740162326911
5.0,18.3,1.637691285872114
5.0,18.400000000000002,1.6386348257954906
5.0,18.5,1.6395708722823106
5.0,18.6,1.6404995140961025
5.0,18.7,1.6414208386065077
5.0,18.8,1.64233493181648
5.0,18.900000000000002,1.6432418783888545
5.0,19.0,1.644141761672299
5.0,19.1,1.645034663726666
5.0,19.200000000000003,1.645920665347762
5.0,19.3,1.6467998460915478
5.0,19.400000000000002,1.647672284297788
5.0,19.5,1.648538057113159
5.0,19.6,1.6493972405138366
5.0,19.700000000000003,1.6502499093275718
5.0,19.8,1.6510961372552684
5.0,19.900000000000002,1.6519359968920804
5.0,20.0,1.652769559748034
5.0,20.1,1.6535968962681946
5.0,20.200000000000003,1.6544180758523825
5.0,20.3,1.6552331668744562
5.0,20.400000000000002,1.65604223670117
5.0,20.5,1.6568453517106179
5.0,20.6,1.6576425773102734
5.0,20.700000000000003,1.658433977954639
5.0,20.8,1.6592196171625098
5.0,20.900000000000002,1.6599995575338657
5.0,21.0,1.6607738607663978
5.0,21.1,1.6615425876716836
5.0,21.200000000000003,1.6623057981910108
5.0,21.3,1.6630635514108678
5.0,21.400000000000002,1.6638159055781048
5.0,21.5,1.6645629181147703
5.0,21.6,1.6653046456326397
5.0,21.700000000000003,1.6660411439474356
5.0,21.8,1.6667724680927483
5.0,21.900000000000002,1.66749867233367
5.0,22.0,1.6682198101801418
5.0,22.1,1.6689359344000263
5.0,22.200000000000003,1.6696470970319075
5.0,22.3,1.6703533493976295
5.0,22.400000000000002,1.6710547421145752
5.0,22.5,1.6717513251076974
5.0,22.6,1.6724431476213002
5.0,22.700000000000003,1.673130258230585
5.0,22.8,1.6738127048529599
5.0,22.900000000000002,1.6744905347591217
5.0,23.0,1.675163794583916
5.0,23.1,1.6758325303369774
5.0,23.200000000000003,1.6764967874131584
5.0,23.3,1.6771566106027507
5.0,23.400000000000002,1.6778120441015028
5.0,23.5,1.6784631315204392
5.0,23.6,1.6791099158954874
5.0,23.700000000000003,1.679752439696914
5.0,23.8,1.6803907448385755
5.0,23.900000000000002,1.681024872686991
5.0,24.0,1.6816548640702351
5.0,24.1,1.6822807592866604
5.0,24.200000000000003,1.6829025981134498
5.0,24.3,1.6835204198150047
5.0,24.400000000000002,1.6841342631511715
5.0,24.5,1.6847441663853104
5.0,24.6,1.6853501672922113
5.0,24.700000000000003,1.6859523031658563
5.0,24.8,1.6865506108270374
5.0,24.900000000000002,1.6871451266308293
5.0,25.0,1.687735886473919
5.0,25.1,1.6883229258018018
5.0,25.200000000000003,1.6889062796158392
5.0,25.3,1.6894859824801844
5.0,25.400000000000002,1.6900620685285825
5.0,25.5,1.6906345714710398
5.0,25.6,1.6912035246003725
5.0,25.700000000000003,1.6917689607986333
5.0,25.8,1.6923309125434205
5.0,25.900000000000002,1.6928894119140714
5.0,26.0,1.69344449059774
5.0,26.1,1.6939961798953675
5.0,26.200000000000003,1.6945445107275416
5.0,26.3,1.6950895136402504
5.0,26.400000000000002,1.695631218810532
5.0,26.5,1.6961696560520227
5.0,26.6,1.696704854820406
5.0,26.700000000000003,1.6972368442187615
5.0,26.8,1.697765653002822
5.0,26.900000000000002,1.6982913095861332
5.0,27.0,1.698813842045125
5.0,27.1,1.6993332781240902
5.0,27.200000000000003,1.6998496452400775
5.0,27.3,1.7003629704876972
5.0,27.400000000000002,1.7008732806438418
5.0,27.5,1.7013806021723277
5.0,27.6,1.70188496122845
5.0,27.700000000000003,1.702386383663463
5.0,27.8,1.7028848950289805
5.0,27.900000000000002,1.703380520581301
5.0,28.0,1.7038732852856584
5.0,28.1,1.704363213820397
5.0,28.200000000000003,1.7048503305810798
5.0,28.3,1.7053346596845214
5.0,28.400000000000002,1.7058162249727549
5.0,28.5,1.706295050016932
5.0,28.6,1.7067711581211542
5.0,28.700000000000003,1.7072445723262413
5.0,28.8,1.707715315413436
5.0,28.900000000000002,1.7081834099080446
5.0,29.0,1.7086488780830218
5.0,29.1,1.7091117419624862
5.0,29.200000000000003,1.7095720233251863
5.0,29.3,1.7100297437079048
5.0,29.400000000000002,1.710484924408806
5.0,29.5,1.7109375864907297
5.0,29.6,1.7113877507844277
5.0,29.700000000000003,1.7118354378917515
5.0,29.8,1.7122806681887834
5.0,29.900000000000002,1.7127234618289189
5.0,30.0,1.7131638387458992
10.0,0.0,1.0
10.0,0.1,1.0083257617311747
10.0,0.2,1.01655556243816
10.0,0.30000000000000004,1.0246907843704038
10.0,0.4,1.0327327945304356
10.0,0.5,1.040682944197715
10.0,0.6000000000000001,1.0485425685214829
10.0,0.7000000000000001,1.056312986176622
10.0,0.8,1.0639954990770162
10.0,0.9,1.0715913921413518
10.0,1.0,1.079101933106701
10.0,1.1,1.0865283723856154
10.0,1.2000000000000002,1.0938719429627903
10.0,1.3,1.1011338603276954
10.0,1.4000000000000001,1.1083153224398405
10.0,1.5,1.1154175097236279
10.0,1.6,1.1224415850899867
10.0,1.7000000000000002,1.129388693982206
10.0,1.8,1.1362599644436042
10.0,1.9000000000000001,1.143056507204854
10.0,2.0,1.1497794157889663
10.0,2.1,1.1564297666320962
10.0,2.2,1.163008619218491
10.0,2.3000000000000003,1.1695170162280255
10.0,2.4000000000000004,1.1759559836949145
10.0,2.5,1.1823265311762943
10.0,2.6,1.188629651929485
10.0,2.7,1.1948663230968362
10.0,2.8000000000000003,1.2010375058971556
10.0,2.9000000000000004,1.2071441458228056
10.0,3.0,1.2131871728416244
10.0,3.1,1.2191675016029064
10.0,3.2,1.2250860316467418
10.0,3.3000000000000003,1.2309436476160713
10.0,3.4000000000000004,1.2367412194708756
10.0,3.5,1.2424796027039633
10.0,3.6,1.2481596385578755
10.0,3.7,1.2537821542424623
10.0,3.8000000000000003,1.2593479631527356
10.0,3.9000000000000004,1.2648578650866285
10.0,4.0,1.2703126464623375
10.0,4.1000000000000005,1.2757130805349466
10.0,4.2,1.2810599276120658
10.0,4.3,1.2863539352682412
10.0,4.4,1.291595838557922
10.0,4.5,1.2967863602267857
10.0,4.6000000000000005,1.3019262109212513
10.0,4.7,1.3070160893960225
10.0,4.800000000000001,1.3120566827195277
10.0,4.9,1.317048666477132
10.0,5.0,1.3219927049720164
10.0,5.1000000000000005,1.3268894514236325
10.0,5.2,1.331739548163652
10.0,5.300000000000001,1.3365436268293407
10.0,5.4,1.341302308554302
10.0,5.5,1.3460162041565393
10.0,5.6000000000000005,1.3506859143237961
10.0,5.7,1.3553120297961465
10.0,5.800000000000001,1.3598951315458068
10.0,5.9,1.3644357909541527
10.0,6.0,1.368934569985932
10.0,6.1000000000000005,1.3733920213606627
10.0,6.2,1.3778086887212184
10.0,6.300000000000001,1.3821851067996045
10.0,6.4,1.3865218015799314
10.0,6.5,1.3908192904585959
10.0,6.6000000000000005,1.395078082401688
10.0,6.7,1.3992986780996377
10.0,6.800000000000001,1.4034815701191243
10.0,6.9,1.4076272430522716
10.0,7.0,1.411736173663152
10.0,7.1000000000000005,1.415808831031627
10.0,7.2,1.419845676694558
10.0,7.300000000000001,1.4238471647844062
10.0,7.4,1.4278137421652688
10.0,7.5,1.4317458485663686
10.0,7.6000000000000005,1.4356439167130428
10.0,7.7,1.4395083724552593
10.0,7.800000000000001,1.4433396348936967
10.0,7.9,1.4471381165034263
10.0,8.0,1.4509042232552296
10.0,8.1,1.4546383547345902
10.0,8.200000000000001,1.4583409042583955
10.0,8.3,1.4620122589893858
10.0,8.4,1.4656528000483908
10.0,8.5,1.4692629026243862
10.0,8.6,1.4728429360824107
10.0,8.700000000000001,1.476393264069382
10.0,8.8,1.4799142446178442
10.0,8.9,1.4834062302476894
10.0,9.0,1.4868695680658852
10.0,9.1,1.4903045998642492
10.0,9.200000000000001,1.4937116622153017
10.0,9.3,1.4970910865662368
10.0,9.4,1.500443199331045
10.0,9.5,1.5037683219808238
10.0,9.600000000000001,1.5070667711323102
10.0,9.700000000000001,1.5103388586346687
10.0,9.8,1.513584891654571
10.0,9.9,1.5168051727595984
10.0,10.0,1.52
10.0,10.100000000000001,1.5231696669888437
10.0,10.200000000000001,1.5263144629805832
10.0,10.3,1.5294346729480819
10.0,10.4,1.532530577658118
10.0,10.5,1.5356024537454043
10.0,10.600000000000001,1.5386505737851532
10.0,10.700000000000001,1.5416752063642132
10.0,10.8,1.5446766161508105
10.0,10.9,1.5476550639629196
10.0,11.0,1.5506108068352937
10.0,11.100000000000001,1.553544098085183
10.0,11.200000000000001,1.556455187376763
10.0,11.3,1.5593443207843074
10.0,11.4,1.5622117408541223
10.0,11.5,1.5650576866652754
10.0,11.600000000000001,1.5678823938891395
10.0,11.700000000000001,1.5706860948477763
10.0,11.8,1.5734690185711884
10.0,11.9,1.576231390853456
10.0,12.0,1.5789734343077855
10.0,12.100000000000001,1.581695368420496
10.0,12.200000000000001,1.584397409603956
10.0,12.3,1.587079771248504
10.0,12.4,1.5897426637733638
10.0,12.5,1.5923862946765825
10.0,12.600000000000001,1.5950108685840068
10.0,12.700000000000001,1.5976165872973227
10.0,12.8,1.6002036498411718
10.0,12.9,1.6027722525093695
10.0,13.0,1.6053225889102383
10.0,13.100000000000001,1.607854850011081
10.0,13.200000000000001,1.610369224181804
10.0,13.3,1.6128658972377148
10.0,13.4,1.615345052481509
10.0,13.5,1.6178068707444602
10.0,13.600000000000001,1.6202515304268357
10.0,13.700000000000001,1.6226792075375485
10.0,13.8,1.6250900757330637
10.0,13.9,1.6274843063555753
10.0,14.0,1.6298620684704666
10.0,14.100000000000001,1.6322235289030718
10.0,14.200000000000001,1.6345688522747504
10.0,14.3,1.6368982010382904
10.0,14.4,1.6392117355126525
10.0,14.5,1.6415096139170706
10.0,14.600000000000001,1.6437919924045226
10.0,14.700000000000001,1.6460590250945801
10.0,14.8,1.6483108641056547
10.0,14.9,1.65054765958665
10.0,15.0,1.6527695597480339
10.0,15.100000000000001,1.6549767108923408
10.0,15.200000000000001,1.6571692574441157
10.0,15.3,1.6593473419793152
10.0,15.4,1.6615111052541691
10.0,15.5,1.663660686233521
10.0,15.600000000000001,1.6657962221186564
10.0,15.700000000000001,1.6679178483746224
10.0,15.8,1.6700256987570612
10.0,15.9,1.6721199053385554
10.0,16.0,1.6742005985345034
10.0,16.1,1.6762679071285296
10.0,16.2,1.6783219582974402
10.0,16.3,1.6803628776357353
10.0,16.400000000000002,1.6823907891796817
10.0,16.5,1.6844058154309616
10.0,16.6,1.6864080773799
10.0,16.7,1.6883976945282826
10.0,16.8,1.6903747849117696
10.0,16.900000000000002,1.6923394651219172
10.0,17.0,1.6942918503278108
10.0,17.1,1.6962320542973202
10.0,17.2,1.6981601894179816
10.0,17.3,1.700076366717518
10.0,17.400000000000002,1.701980695884
10.0,17.5,1.7038732852856582
10.0,17.6,1.705754241990352
10.0,17.7,1.7076236717847018
10.0,17.8,1.709481679192891
10.0,17.900000000000002,1.7113283674951465
10.0,18.0,1.7131638387458992
10.0,18.1,1.7149881937916347
10.0,18.2,1.7168015322884416
10.0,18.3,1.7186039527192558
10.0,18.400000000000002,1.720395552410816
10.0,18.5,1.7221764275503293
10.0,18.6,1.7239466732018554
10.0,18.7,1.7257063833224136
10.0,18.8,1.7274556507778205
10.0,18.900000000000002,1.7291945673582574
10.0,19.0,1.7309232237935817
10.0,19.1,1.7326417097683784
10.0,19.200000000000003,1.734350113936762
10.0,19.3,1.7360485239369312
10.0,19.400000000000002,1.7377370264054832
10.0,19.5,1.7394157069914888
10.0,19.6,1.7410846503703366
10.0,19.700000000000003,1.7427439402573472
10.0,19.8,1.7443936594211658
10.0,19.900000000000002,1.7460338896969299
10.0,20.0,1.7476647119992286
10.0,20.1,1.7492862063348433
10.0,20.200000000000003,1.7508984518152846
10.0,20.3,1.7525015266691244
10.0,20.400000000000002,1.7540955082541263
10.0,20.5,1.7556804730691824
10.0,20.6,1.757256496766055
10.0,20.700000000000003,1.75882365416093
10.0,20.8,1.7603820192457829
10.0,20.900000000000002,1.7619316651995667
10.0,21.0,1.7634726643992156
10.0,21.1,1.765005088430476
10.0,21.200000000000003,1.7665290080985645
10.0,21.3,1.7680444934386559
10.0,21.400000000000002,1.7695516137262053
10.0,21.5,1.7710504374871066
10.0,21.6,1.7725410325076913
10.0,21.700000000000003,1.7740234658445693
10.0,21.8,1.7754978038343145
10.0,21.900000000000002,1.7769641121030013
10.0,22.0,1.778422455575586
10.0,22.1,1.7798728984851504
10.0,22.200000000000003,1.7813155043819935
10.0,22.3,1.7827503361425856
10.0,22.400000000000002,1.7841774559783852
10.0,22.5,1.7855969254445163
10.0,22.6,1.7870088054483129
10.0,22.700000000000003,1.7884131562577334
10.0,22.8,1.7898100375096442
10.0,22.900000000000002,1.7911995082179764
10.0,23.0,1.7925816267817598
10.0,23.1,1.7939564509930312
10.0,23.200000000000003,1.7953240380446256
10.0,23.3,1.7966844445378463
10.0,23.400000000000002,1.798037726490021
10.0,23.5,1.799383939341942
10.0,23.6,1.800723137965197
10.0,23.700000000000003,1.802055376669384
10.0,23.8,1.8033807092092256
10.0,23.900000000000002,1.8046991887915693
10.0,24.0,1.80601086808229
10.0,24.1,1.807315799213082
10.0,24.200000000000003,1.8086140337881578
10.0,24.3,1.809905622890842
10.0,24.400000000000002,1.8111906170900693
10.0,24.5,1.812469066446788
10.0,24.6,1.813741020520265
10.0,24.700000000000003,1.8150065283743033
10.0,24.8,1.8162656385833646
10.0,24.900000000000002,1.817518399238602
10.0,25.0,1.8187648579538087
10.0,25.1,1.8200050618712738
10.0,25.200000000000003,1.821239057667558
10.0,25.3,1.822466891559184
10.0,25.400000000000002,1.8236886093082423
10.0,25.5,1.8249042562279205
10.0,25.6,1.826113877187947
10.0,25.700000000000003,1.8273175166199624
10.0,25.8,1.8285152185228093
10.0,25.900000000000002,1.8297070264677473
10.0,26.0,1.8308929836035974
10.0,26.1,1.8320731326618058
10.0,26.200000000000003,1.833247515961442
10.0,26.3,1.8344161754141233
10.0,26.400000000000002,1.8355791525288678
10.0,26.5,1.8367364884168846
10.0,26.6,1.8378882237962888
10.0,26.700000000000003,1.8390343989967552
10.0,26.8,1.8401750539641066
10.0,26.900000000000002,1.8413102282648341
10.0,27.0,1.8424399610905593
10.0,27.1,1.843564291262429
10.0,27.200000000000003,1.8446832572354535
10.0,27.3,1.84579689710278
10.0,27.400000000000002,1.8469052485999111
10.0,27.5,1.848008349108863
10.0,27.6,1.8491062356622638
10.0,27.700000000000003,1.8501989449474006
10.0,27.8,1.8512865133102065
10.0,27.900000000000002,1.8523689767591953
10.0,28.0,1.8534463709693414
10.0,28.1,1.8545187312859064
10.0,28.200000000000003,1.8555860927282144
10.0,28.3,1.8566484899933764
10.0,28.400000000000002,1.8577059574599617
10.0,28.5,1.8587585291916227
10.0,28.6,1.859806238940668
10.0,28.700000000000003,1.8608491201515898
10.0,28.8,1.8618872059645413
10.0,28.900000000000002,1.8629205292187692
10.0,29.0,1.8639491224560008
10.0,29.1,1.8649730179237818
10.0,29.200000000000003,1.8659922475787754
10.0,29.3,1.8670068430900126
10.0,29.400000000000002,1.8680168358421019
10.0,29.5,1.869022256938396
10.0,29.6,1.8700231372041154
10.0,29.700000000000003,1.8710195071894316
10.0,29.8,1.8720113971725107
10.0,29.900000000000002,1.8729988371625157
10.0,30.0,1.8739818569025688
