scenario,group,n,T50_years,P_heart_first,P_brain_first,delta_T50_vs_primary,delta_Pheart_vs_primary
Frozen primary,Global,100000,154.09173210194325,0.47345,0.52655,0.0,0.0
Frozen primary,No CHIP,70039,156.41268650722608,0.45150558974285754,0.5484944102571424,2.3209544052828335,-0.021944410257142444
Frozen primary,DNMT3A,17337,152.75,0.49610659283613084,0.5038934071638692,-1.3417321019432507,0.022656592836130862
Frozen primary,TET2,7986,143.99819351033142,0.5619834710743802,0.4380165289256198,-10.093538591611832,0.0885334710743802
Frozen primary,ASXL1,1200,145.56278799645403,0.5625,0.4375,-8.528944105489217,0.08905000000000002
Frozen primary,JAK2,3438,144.75,0.5695171611401978,0.4304828388598022,-9.34173210194325,0.09606716114019781
K_V=0.5%,Global,100000,154.15024131428186,0.47289,0.52711,0.058509212338606176,-0.0005600000000000049
K_V=0.5%,No CHIP,70039,156.41268650722608,0.45150558974285754,0.5484944102571424,2.3209544052828335,-0.021944410257142444
K_V=0.5%,DNMT3A,17337,152.75,0.4954144315625541,0.504585568437446,-1.3417321019432507,0.02196443156255412
K_V=0.5%,TET2,7986,144.25,0.559228650137741,0.44077134986225897,-9.84173210194325,0.08577865013774105
K_V=0.5%,ASXL1,1200,145.95474208374503,0.5575,0.4425,-8.136990018198219,0.08405000000000001
K_V=0.5%,JAK2,3438,144.96520527490543,0.5648632926119838,0.4351367073880163,-9.126526827037821,0.09141329261198378
K_V=2%,Global,100000,154.0,0.47442,0.52558,-0.09173210194325065,0.0009700000000000264
K_V=2%,No CHIP,70039,156.41268650722608,0.45150558974285754,0.5484944102571424,2.3209544052828335,-0.021944410257142444
K_V=2%,DNMT3A,17337,152.72744852564057,0.4976062755955471,0.502393724404453,-1.3642835763026824,0.024156275595547116
K_V=2%,TET2,7986,143.5,0.568870523415978,0.43112947658402206,-10.59173210194325,0.09542052341597801
K_V=2%,ASXL1,1200,145.56278799645403,0.5658333333333333,0.43416666666666665,-8.528944105489217,0.09238333333333332
K_V=2%,JAK2,3438,144.5,0.5730075625363583,0.4269924374636416,-9.59173210194325,0.09955756253635833
K_V=5%,Global,100000,153.72736062917375,0.47658,0.52342,-0.36437147276950554,0.0031300000000000217
K_V=5%,No CHIP,70039,156.41268650722608,0.45150558974285754,0.5484944102571424,2.3209544052828335,-0.021944410257142444
K_V=5%,DNMT3A,17337,152.5,0.5008940416450366,0.49910595835496335,-1.5917321019432507,0.02744404164503661
K_V=5%,TET2,7986,142.0,0.5821437515652391,0.4178562484347608,-12.09173210194325,0.10869375156523914
K_V=5%,ASXL1,1200,143.875,0.5733333333333334,0.4266666666666667,-10.21673210194325,0.09988333333333338
K_V=5%,JAK2,3438,142.75,0.585805700988947,0.4141942990110529,-11.34173210194325,0.11235570098894704
K_V=10%,Global,100000,153.27256096374654,0.48037,0.51963,-0.8191711381967082,0.006920000000000037
K_V=10%,No CHIP,70039,156.41268650722608,0.45150558974285754,0.5484944102571424,2.3209544052828335,-0.021944410257142444
K_V=10%,DNMT3A,17337,152.0,0.5071811732133588,0.4928188267866413,-2.0917321019432507,0.03373117321335878
K_V=10%,TET2,7986,139.81439301201044,0.6030553468569998,0.39694465314300026,-14.27733908993281,0.12960534685699981
K_V=10%,ASXL1,1200,141.625,0.5983333333333334,0.40166666666666667,-12.46673210194325,0.1248833333333334
K_V=10%,JAK2,3438,140.5,0.6070389761489238,0.39296102385107623,-13.59173210194325,0.1335889761489238
