seed,scenario,group,n,T50,P_heart_before_brain,P_terminal_heart,P_terminal_brain,P_terminal_background,delta_T50_matched,delta_P_heart_before_brain_matched,delta_P_terminal_heart_matched
20260819,null,Global,100000,156.73213881443957,0.44135,0.41489,0.52402,0.06109,0.0,0.0,0.0
20260819,null,No CHIP,70039,156.85932314485734,0.44055454818029954,0.4139550821685061,0.5241936635303188,0.06185125430117506,0.0,0.0,0.0
20260819,null,DNMT3A,17337,156.85499717710337,0.44079137105612276,0.41483532329699485,0.5258118474937994,0.059352829209205746,0.0,0.0,0.0
20260819,null,TET2,7986,156.4315981132722,0.44690708740295515,0.4203606311044328,0.5206611570247934,0.05897821187077385,0.0,0.0,0.0
20260819,null,ASXL1,1200,155.43579556448984,0.425,0.4033333333333333,0.54,0.056666666666666664,0.0,0.0,0.0
20260819,null,JAK2,3438,154.95414322833597,0.45317044793484584,0.42553810354857474,0.5136707388016288,0.060791157649796396,0.0,0.0,0.0
20260819,cardiac,Global,100000,154.75403681626213,0.4593,0.43201,0.50752,0.06047,-1.9781019981774364,0.017949999999999966,0.017120000000000024
20260819,cardiac,No CHIP,70039,156.85932314485734,0.44055454818029954,0.4139550821685061,0.5241936635303188,0.06185125430117506,0.0,0.0,0.0
20260819,cardiac,DNMT3A,17337,153.8821154691008,0.47136182730576226,0.4437330564688239,0.4975485954894157,0.0587183480417604,-2.972881708002575,0.0305704562496395,0.028897733171829032
20260819,cardiac,TET2,7986,144.90317831483623,0.5458302028549963,0.5151515151515151,0.4300025043826697,0.054845980465815174,-11.528419798435976,0.09892311545204113,0.09479088404708236
20260819,cardiac,ASXL1,1200,146.94696478077947,0.5375,0.5116666666666667,0.43333333333333335,0.055,-8.48883078371037,0.11249999999999999,0.10833333333333339
20260819,cardiac,JAK2,3438,145.57076247084953,0.5520651541593949,0.5197789412449099,0.42408376963350786,0.056137289121582314,-9.383380757486435,0.0988947062245491,0.09424083769633512
20260819,brain_half,Global,100000,153.9521905013282,0.4516,0.42477,0.51498,0.06025,-2.779948313111362,0.010249999999999981,0.00988
20260819,brain_half,No CHIP,70039,156.85932314485734,0.44055454818029954,0.4139550821685061,0.5241936635303188,0.06185125430117506,0.0,0.0,0.0
20260819,brain_half,DNMT3A,17337,152.6173907410955,0.4582684432139355,0.4315625540750995,0.5099498183076657,0.05848762761723482,-4.237606436007866,0.017477072157812745,0.016727230778104674
20260819,brain_half,TET2,7986,141.34768115935316,0.5033809166040571,0.4749561733032807,0.47195091409967443,0.05309291259704483,-15.083916953919044,0.056473829201102,0.054595542198847935
20260819,brain_half,ASXL1,1200,142.15585296278022,0.4891666666666667,0.4658333333333333,0.48,0.05416666666666667,-13.279942601709621,0.0641666666666667,0.0625
20260819,brain_half,JAK2,3438,141.5316093409084,0.5095986038394416,0.4799301919720768,0.46480511925538104,0.055264688772542175,-13.422533887427562,0.05642815590459571,0.05439208842350207
20260819,brain_equal,Global,100000,152.847517611569,0.44297,0.41691,0.52316,0.05993,-3.8846212028705622,0.0016199999999999548,0.0020200000000000218
20260819,brain_equal,No CHIP,70039,156.85932314485734,0.44055454818029954,0.4139550821685061,0.5241936635303188,0.06185125430117506,0.0,0.0,0.0
20260819,brain_equal,DNMT3A,17337,151.10655814688508,0.4433869758320355,0.41777700870969603,0.5244275249466459,0.05779546634365807,-5.748439030218293,0.002595604775912752,0.0029416854127011782
20260819,brain_equal,TET2,7986,137.29364795946,0.4560480841472577,0.4325068870523416,0.5162784873528675,0.05121462559479088,-19.1379501538122,0.009140996744302576,0.012146255947908802
20260819,brain_equal,ASXL1,1200,136.16849416055413,0.43666666666666665,0.415,0.5325,0.0525,-19.267301403935704,0.011666666666666659,0.011666666666666659
20260819,brain_equal,JAK2,3438,136.16493365064935,0.4618964514252472,0.43717277486910994,0.508435136707388,0.05439208842350204,-18.78920957768662,0.008726003490401368,0.011634671320535195
20260819,brain_double,Global,100000,150.27118043855924,0.42576,0.40097,0.53961,0.05942,-6.460958375880324,-0.015589999999999993,-0.013919999999999988
20260819,brain_double,No CHIP,70039,156.85932314485734,0.44055454818029954,0.4139550821685061,0.5241936635303188,0.06185125430117506,0.0,0.0,0.0
20260819,brain_double,DNMT3A,17337,147.5171920544638,0.4112591567168484,0.38795639383976466,0.5550556613024168,0.05698794485781854,-9.337805122639566,-0.029532214339274387,-0.026878929457230194
20260819,brain_double,TET2,7986,127.6133491262319,0.3611319809666917,0.34397695967943903,0.6075632356624092,0.048459804658151764,-28.818248987040306,-0.08577510643626346,-0.07638367142499375
20260819,brain_double,ASXL1,1200,126.85899243940722,0.36,0.34833333333333333,0.6025,0.049166666666666664,-28.57680312508262,-0.065,-0.05499999999999999
20260819,brain_double,JAK2,3438,126.23313519919444,0.37056428155904597,0.3528214077952298,0.5959860383944153,0.051192553810354854,-28.72100802914153,-0.08260616637579987,-0.07271669575334494
20260819,background_equal,Global,100000,153.03366749175666,0.4593,0.41814,0.49473,0.08713,-3.698471322682906,0.017949999999999966,0.0032500000000000306
20260819,background_equal,No CHIP,70039,156.85932314485734,0.44055454818029954,0.4139550821685061,0.5241936635303188,0.06185125430117506,0.0,0.0,0.0
20260819,background_equal,DNMT3A,17337,151.00334139166176,0.47136182730576226,0.41898829093845535,0.46899694295437505,0.11201476610716964,-5.851655785441608,0.0305704562496395,0.004152967641460503
20260819,background_equal,TET2,7986,138.0526171162585,0.5458302028549963,0.43839218632607063,0.3673929376408715,0.19421487603305784,-18.378980997013713,0.09892311545204113,0.01803155522163785
20260819,background_equal,ASXL1,1200,140.4772011660951,0.5375,0.44166666666666665,0.37666666666666665,0.18166666666666667,-14.958594398394723,0.11249999999999999,0.03833333333333333
20260819,background_equal,JAK2,3438,136.91549935140887,0.5520651541593949,0.44386271087841767,0.3612565445026178,0.1948807446189645,-18.038643876927097,0.0988947062245491,0.018324607329842924
20260820,null,Global,100000,156.27003367518972,0.44127,0.41509,0.52314,0.06177,0.0,0.0,0.0
20260820,null,No CHIP,69925,156.44608014974435,0.44220235967107613,0.4162030747229174,0.5226027887021809,0.06119413657490168,0.0,0.0,0.0
20260820,null,DNMT3A,17395,155.80675142647445,0.43874676631215864,0.4105202644438057,0.5262431733256683,0.06323656223052601,0.0,0.0,0.0
20260820,null,TET2,7828,154.62767480822808,0.4380429228410833,0.41504854368932037,0.5231221257026061,0.06182933060807358,0.0,0.0,0.0
20260820,null,ASXL1,1330,158.9396175941303,0.4255639097744361,0.4045112781954887,0.5375939849624061,0.05789473684210526,0.0,0.0,0.0
20260820,null,JAK2,3522,158.00151014295574,0.44832481544576946,0.4196479273140261,0.513060760931289,0.06729131175468483,0.0,0.0,0.0
20260820,cardiac,Global,100000,154.47957791782636,0.45944,0.43219,0.50667,0.06114,-1.790455757363361,0.01817000000000002,0.017100000000000004
20260820,cardiac,No CHIP,69925,156.44608014974435,0.44220235967107613,0.4162030747229174,0.5226027887021809,0.06119413657490168,0.0,0.0,0.0
20260820,cardiac,DNMT3A,17395,153.02575025483264,0.4699051451566542,0.4398390342052314,0.4976142569703938,0.06254670882437482,-2.7810011716418046,0.03115837884449557,0.029318769761425723
20260820,cardiac,TET2,7828,144.8298189506087,0.5352580480327032,0.506004087889627,0.4362544711292795,0.05774144098109351,-9.797855857619368,0.09721512519161984,0.09095554420030666
20260820,cardiac,ASXL1,1330,148.86047723978237,0.5338345864661654,0.5045112781954887,0.43909774436090226,0.05639097744360902,-10.079140354347942,0.10827067669172935,0.09999999999999998
20260820,cardiac,JAK2,3522,148.277108744128,0.5533787620670074,0.520442930153322,0.41709256104486087,0.06246450880181715,-9.724401398827752,0.10505394662123796,0.10079500283929588
20260820,brain_half,Global,100000,153.66253526657994,0.45159,0.42504,0.51404,0.06092,-2.6074984086097857,0.010319999999999996,0.009949999999999959
20260820,brain_half,No CHIP,69925,156.44608014974435,0.44220235967107613,0.4162030747229174,0.5226027887021809,0.06119413657490168,0.0,0.0,0.0
20260820,brain_half,DNMT3A,17395,151.93004421197864,0.45645300373670594,0.4275941362460477,0.5100891060649612,0.06231675768899109,-3.8767072144958092,0.0177062374245473,0.017073871802242013
20260820,brain_half,TET2,7828,140.97662875189826,0.4922074603985692,0.4667858967807869,0.476877874297394,0.05633622892181911,-13.651046056329818,0.0541645375574859,0.05173735309146654
20260820,brain_half,ASXL1,1330,144.67272312159236,0.4864661654135338,0.4616541353383459,0.48345864661654137,0.05488721804511278,-14.266894472537956,0.060902255639097735,0.05714285714285716
20260820,brain_half,JAK2,3522,144.10198233438445,0.5105053946621237,0.48126064735945484,0.45769449176604204,0.06104486087450312,-13.899527808571293,0.06218057921635428,0.061612720045428726
20260820,brain_equal,Global,100000,152.63141086420478,0.44286,0.4171,0.52235,0.06055,-3.6386228109849412,0.0015899999999999803,0.0020100000000000118
20260820,brain_equal,No CHIP,69925,156.44608014974435,0.44220235967107613,0.4162030747229174,0.5226027887021809,0.06119413657490168,0.0,0.0,0.0
20260820,brain_equal,DNMT3A,17395,150.13040843936537,0.4409313020983041,0.4132796780684105,0.5250359298649037,0.06168439206668583,-5.676342987109081,0.0021845357861454695,0.0027594136246048007
20260820,brain_equal,TET2,7828,136.06971709703205,0.44724067450178845,0.42616249361267244,0.5196729688298416,0.054164537557485945,-18.557957711196025,0.009197751660705134,0.011113949923352073
20260820,brain_equal,ASXL1,1330,139.72667492373748,0.4323308270676692,0.4112781954887218,0.5345864661654135,0.05413533834586466,-19.212942670392835,0.006766917293233088,0.006766917293233088
20260820,brain_equal,JAK2,3522,139.1580026337049,0.4596819988642817,0.435831913685406,0.5053946621237932,0.05877342419080068,-18.843507509250827,0.011357183418512218,0.01618398637137991
20260820,brain_double,Global,100000,150.1574581327999,0.42633,0.40177,0.5385,0.05973,-6.112575542389834,-0.014940000000000009,-0.013319999999999999
20260820,brain_double,No CHIP,69925,156.44608014974435,0.44220235967107613,0.4162030747229174,0.5226027887021809,0.06119413657490168,0.0,0.0,0.0
20260820,brain_double,DNMT3A,17395,146.58418386518684,0.41189997125610806,0.3868927852831273,0.5529175050301811,0.06018970968669158,-9.222567561287605,-0.026846795056050587,-0.023627479160678366
20260820,brain_double,TET2,7828,126.06062700559247,0.36075625958099133,0.34555442003065917,0.6039856923863056,0.05045988758303526,-28.567047802635614,-0.07728666326009198,-0.0694941236586612
20260820,brain_double,ASXL1,1330,127.53336102857233,0.3451127819548872,0.32781954887218046,0.6233082706766917,0.04887218045112782,-31.40625656555798,-0.08045112781954888,-0.07669172932330826
20260820,brain_double,JAK2,3522,128.97674329589697,0.3588869960249858,0.3415672913117547,0.6053378762067008,0.05309483248154458,-29.02476684705877,-0.08943781942078366,-0.07808063600227144
20260820,background_equal,Global,100000,152.75067844908972,0.45944,0.41872,0.49429,0.08699,-3.5193552261000036,0.01817000000000002,0.0036299999999999666
20260820,background_equal,No CHIP,69925,156.44608014974435,0.44220235967107613,0.4162030747229174,0.5226027887021809,0.06119413657490168,0.0,0.0,0.0
20260820,background_equal,DNMT3A,17395,150.27867143396006,0.4699051451566542,0.41839609083069845,0.47220465651049154,0.10939925265881001,-5.528079992514392,0.03115837884449557,0.00787582638689277
20260820,background_equal,TET2,7828,136.98782915708608,0.5352580480327032,0.4325498211548288,0.37493612672457843,0.19251405212059275,-17.639845651141997,0.09721512519161984,0.017501277465508447
20260820,background_equal,ASXL1,1330,140.24326628258774,0.5338345864661654,0.43533834586466164,0.36390977443609024,0.20075187969924813,-18.69635131154257,0.10827067669172935,0.030827067669172925
20260820,background_equal,JAK2,3522,139.55868237466134,0.5533787620670074,0.4332765474162408,0.35576377058489494,0.21095968199886428,-18.442827768294393,0.10505394662123796,0.013628620102214661
20260821,null,Global,100000,156.18384896197813,0.43957,0.41301,0.52492,0.06207,0.0,0.0,0.0
20260821,null,No CHIP,69860,156.0746224216926,0.4412682507872889,0.4147437732608073,0.5234039507586602,0.061852275980532494,0.0,0.0,0.0
20260821,null,DNMT3A,17466,156.78703164271604,0.4349020954998282,0.4086224665063552,0.5289705713958548,0.062406962097789995,0.0,0.0,0.0
20260821,null,TET2,7886,155.64769201456352,0.4339335531321329,0.4057823991884352,0.5310677149378645,0.06314988587370023,0.0,0.0,0.0
20260821,null,ASXL1,1300,155.532346015833,0.4453846153846154,0.42,0.5161538461538462,0.06384615384615384,0.0,0.0,0.0
20260821,null,JAK2,3488,156.58140400349788,0.43950688073394495,0.4139908256880734,0.5243692660550459,0.06163990825688073,0.0,0.0,0.0
20260821,cardiac,Global,100000,154.36869184928827,0.45742,0.4299,0.50854,0.06156,-1.8151571126898602,0.017849999999999977,0.016890000000000016
20260821,cardiac,No CHIP,69860,156.0746224216926,0.4412682507872889,0.4147437732608073,0.5234039507586602,0.061852275980532494,0.0,0.0,0.0
20260821,cardiac,DNMT3A,17466,154.32636916278742,0.46358639642734456,0.4352456200618344,0.5031489751517233,0.06160540478644223,-2.4606624799286294,0.028684300927516337,0.02662315355547923
20260821,cardiac,TET2,7886,146.19297735892798,0.5343646969312706,0.5011412629977174,0.43811818412376363,0.06074055287851889,-9.454714655635541,0.10043114379913776,0.09535886380928221
20260821,cardiac,ASXL1,1300,145.77822354740618,0.5523076923076923,0.52,0.4207692307692308,0.05923076923076923,-9.754122468426829,0.1069230769230769,0.10000000000000003
20260821,cardiac,JAK2,3488,146.50045678165242,0.5407110091743119,0.5120412844036697,0.4297591743119266,0.05819954128440367,-10.080947221845463,0.10120412844036697,0.09805045871559631
20260821,brain_half,Global,100000,153.57177039680778,0.44972,0.42275,0.51583,0.06142,-2.61207856517035,0.010149999999999992,0.009740000000000026
20260821,brain_half,No CHIP,69860,156.0746224216926,0.4412682507872889,0.4147437732608073,0.5234039507586602,0.061852275980532494,0.0,0.0,0.0
20260821,brain_half,DNMT3A,17466,152.93400423932252,0.4519065613191343,0.42459635863964273,0.5140845070422535,0.06131913431810374,-3.8530274033935257,0.01700446581930609,0.015973892133287537
20260821,brain_half,TET2,7886,141.87744218323428,0.49048947501902107,0.4600557950798884,0.47983768704032465,0.060106517879786964,-13.770249831329238,0.05655592188688818,0.05427339589145319
20260821,brain_half,ASXL1,1300,141.75932024038894,0.4976923076923077,0.4715384615384615,0.47,0.05846153846153846,-13.773025775444069,0.05230769230769233,0.05153846153846153
20260821,brain_half,JAK2,3488,142.36814913565337,0.49799311926605505,0.4713302752293578,0.4713302752293578,0.05733944954128441,-14.213254867844512,0.0584862385321101,0.05733944954128439
20260821,brain_equal,Global,100000,152.5594985380843,0.44124,0.41498,0.52407,0.06095,-3.624350423893816,0.0016700000000000048,0.0019700000000000273
20260821,brain_equal,No CHIP,69860,156.0746224216926,0.4412682507872889,0.4147437732608073,0.5234039507586602,0.061852275980532494,0.0,0.0,0.0
20260821,brain_equal,DNMT3A,17466,151.07375891213974,0.43816557883888696,0.4124584907820909,0.5272529485858238,0.060288560632085195,-5.713272730576307,0.003263483339058737,0.0038360242757357055
20260821,brain_equal,TET2,7886,137.02942798683603,0.4419223941161552,0.414912503170175,0.5271366979457266,0.0579507988840984,-18.61826402772749,0.007988840984022305,0.009130103981739746
20260821,brain_equal,ASXL1,1300,137.38532884762716,0.45153846153846156,0.42923076923076925,0.5123076923076924,0.05846153846153846,-18.14701716820585,0.006153846153846176,0.009230769230769265
20260821,brain_equal,JAK2,3488,137.61986708263936,0.4506880733944954,0.4271788990825688,0.5189220183486238,0.05389908256880734,-18.96153692085852,0.011181192660550454,0.013188073394495403
20260821,brain_double,Global,100000,150.05211003215646,0.42424,0.39943,0.54032,0.06025,-6.131738929821665,-0.01533000000000001,-0.013579999999999981
20260821,brain_double,No CHIP,69860,156.0746224216926,0.4412682507872889,0.4147437732608073,0.5234039507586602,0.061852275980532494,0.0,0.0,0.0
20260821,brain_double,DNMT3A,17466,147.39854294976942,0.40667582732165347,0.38411771441658077,0.5570823313866942,0.05879995419672507,-9.388488692946623,-0.02822626817817475,-0.02450475208977443
20260821,brain_double,TET2,7886,127.13533359554559,0.3502409332995181,0.331473497337053,0.6133654577732691,0.05516104488967791,-28.51235841901793,-0.08369261983261478,-0.07430890185138223
20260821,brain_double,ASXL1,1300,126.25544969697589,0.37,0.35307692307692307,0.5923076923076923,0.054615384615384614,-29.276896318857126,-0.07538461538461538,-0.06692307692307692
20260821,brain_double,JAK2,3488,127.44256067006113,0.35865825688073394,0.34030963302752293,0.6106651376146789,0.04902522935779816,-29.138843333436753,-0.08084862385321101,-0.07368119266055045
20260821,background_equal,Global,100000,152.64997964443268,0.45742,0.41652,0.49529,0.08819,-3.5338693175454523,0.017849999999999977,0.003510000000000013
20260821,background_equal,No CHIP,69860,156.0746224216926,0.4412682507872889,0.4147437732608073,0.5234039507586602,0.061852275980532494,0.0,0.0,0.0
20260821,background_equal,DNMT3A,17466,151.19252847084357,0.46358639642734456,0.41308828581243556,0.4744074201305393,0.11250429405702508,-5.594503171872475,0.028684300927516337,0.004465819306080365
20260821,background_equal,TET2,7886,137.93242403453237,0.5343646969312706,0.42531067714937865,0.37382703525234595,0.20086228759827543,-17.715267980031143,0.10043114379913776,0.01952827796094342
20260821,background_equal,ASXL1,1300,138.6829286647329,0.5523076923076923,0.44076923076923075,0.35,0.20923076923076922,-16.8494173511001,0.1069230769230769,0.020769230769230762
20260821,background_equal,JAK2,3488,139.0761867792105,0.5407110091743119,0.44036697247706424,0.3655389908256881,0.1940940366972477,-17.505217224287378,0.10120412844036697,0.026376146788990862
20260822,null,Global,100000,156.05639608807851,0.43996,0.41294,0.5247,0.06236,0.0,0.0,0.0
20260822,null,No CHIP,70097,156.10541595726943,0.44009016077720875,0.4128279384281781,0.5249868040001712,0.062185257571650714,0.0,0.0,0.0
20260822,null,DNMT3A,17072,155.63897310716862,0.43451265229615743,0.40674789128397376,0.5291119962511716,0.06414011246485474,0.0,0.0,0.0
20260822,null,TET2,8074,156.8034824641776,0.4477334654446371,0.4222194699033936,0.5141193955907852,0.06366113450582116,0.0,0.0,0.0
20260822,null,ASXL1,1264,158.23100180106002,0.44936708860759494,0.42563291139240506,0.5174050632911392,0.056962025316455694,0.0,0.0,0.0
20260822,null,JAK2,3493,154.81385800461055,0.442599484683653,0.4194102490695677,0.5244775264815345,0.056112224448897796,0.0,0.0,0.0
20260822,cardiac,Global,100000,154.14306316538307,0.45836,0.43046,0.50784,0.0617,-1.9133329226954459,0.018399999999999972,0.017520000000000036
20260822,cardiac,No CHIP,70097,156.10541595726943,0.44009016077720875,0.4128279384281781,0.5249868040001712,0.062185257571650714,0.0,0.0,0.0
20260822,cardiac,DNMT3A,17072,153.19612455146367,0.4653819119025305,0.4353912839737582,0.5014058106841612,0.0632029053420806,-2.4428485557049555,0.030869259606373045,0.02864339268978444
20260822,cardiac,TET2,8074,146.2447518711365,0.553133514986376,0.5224176368590537,0.41800842209561556,0.05957394104533069,-10.558730593041105,0.10540004954173887,0.10019816695566014
20260822,cardiac,ASXL1,1264,148.05631828733493,0.5419303797468354,0.5142405063291139,0.43037974683544306,0.055379746835443035,-10.174683513725086,0.0925632911392405,0.08860759493670883
20260822,cardiac,JAK2,3493,145.78488149111212,0.5413684511880905,0.5173203549957057,0.4308617234468938,0.05181792155740052,-9.028976513498435,0.0987689665044375,0.09791010592613802
20260822,brain_half,Global,100000,153.308551264537,0.45042,0.42324,0.51524,0.06152,-2.747844823541527,0.01045999999999997,0.010300000000000031
20260822,brain_half,No CHIP,70097,156.10541595726943,0.44009016077720875,0.4128279384281781,0.5249868040001712,0.062185257571650714,0.0,0.0,0.0
20260822,brain_half,DNMT3A,17072,151.8534472747005,0.4540182755388941,0.42543345829428303,0.5115979381443299,0.06296860356138706,-3.7855258324681245,0.01950562324273669,0.018685567010309267
20260822,brain_half,TET2,8074,142.28681446812865,0.5052018825860788,0.4783254892246718,0.46296755016101065,0.058706960614317565,-14.516667996048938,0.057468417141441686,0.05610601932127818
20260822,brain_half,ASXL1,1264,143.72871947428615,0.5039556962025317,0.4802215189873418,0.46439873417721517,0.055379746835443035,-14.502282326773866,0.05458860759493672,0.05458860759493672
20260822,brain_half,JAK2,3493,140.89928172739397,0.4941311193816204,0.4735184655024334,0.47666762095619813,0.04981391354136845,-13.914576277216582,0.0515316346979674,0.05410821643286573
20260822,brain_equal,Global,100000,152.15513298405446,0.44174,0.41513,0.52366,0.06121,-3.9012631040240535,0.0017800000000000038,0.0021900000000000253
20260822,brain_equal,No CHIP,70097,156.10541595726943,0.44009016077720875,0.4128279384281781,0.5249868040001712,0.062185257571650714,0.0,0.0,0.0
20260822,brain_equal,DNMT3A,17072,149.95245948194832,0.43791002811621366,0.41067244611059045,0.5269447047797563,0.062382849109653235,-5.6865136252203,0.0033973758200562254,0.0039245548266166885
20260822,brain_equal,TET2,8074,137.52432946379332,0.45677483279663117,0.4333663611592767,0.5092890760465693,0.05734456279415408,-19.27915300038427,0.009041367351994067,0.011146891255883085
20260822,brain_equal,ASXL1,1264,138.66060674117486,0.46044303797468356,0.4375,0.5087025316455697,0.05379746835443038,-19.570395059885158,0.011075949367088611,0.011867088607594944
20260822,brain_equal,JAK2,3493,135.891051751697,0.452046951044947,0.43286573146292584,0.5196106498711709,0.04752361866590323,-18.922806252913546,0.00944746636129401,0.013455482393358142
20260822,brain_double,Global,100000,149.54892468613417,0.42389,0.39845,0.54095,0.0606,-6.507471401944343,-0.01607000000000003,-0.014489999999999947
20260822,brain_double,No CHIP,70097,156.10541595726943,0.44009016077720875,0.4128279384281781,0.5249868040001712,0.062185257571650714,0.0,0.0,0.0
20260822,brain_double,DNMT3A,17072,146.22028353054435,0.4065721649484536,0.38144329896907214,0.5575210871602624,0.06103561387066542,-9.418689576624274,-0.027940487347703824,-0.02530459231490162
20260822,brain_double,TET2,8074,127.95232226988784,0.357195937577409,0.3397324746098588,0.6062670299727521,0.054000495417389154,-28.851160194289747,-0.09053752786722813,-0.08248699529353481
20260822,brain_double,ASXL1,1264,127.67480190124195,0.3528481012658228,0.33939873417721517,0.6083860759493671,0.05221518987341772,-30.55619989981807,-0.09651898734177217,-0.08623417721518989
20260822,brain_double,JAK2,3493,126.82507131825503,0.3632980246206699,0.3501288290867449,0.6049241339822502,0.044947036931004866,-27.988786686355525,-0.07930146006298311,-0.06928141998282278
20260822,background_equal,Global,100000,152.27034133230717,0.45836,0.41693,0.49489,0.08818,-3.786054755771346,0.018399999999999972,0.003990000000000049
20260822,background_equal,No CHIP,70097,156.10541595726943,0.44009016077720875,0.4128279384281781,0.5249868040001712,0.062185257571650714,0.0,0.0,0.0
20260822,background_equal,DNMT3A,17072,149.84719714873302,0.4653819119025305,0.4147141518275539,0.47311387066541705,0.11217197750702905,-5.791775958435608,0.030869259606373045,0.007966260543580128
20260822,background_equal,TET2,8074,137.43587492456874,0.553133514986376,0.4425315828585583,0.3543472875897944,0.20312112955164727,-19.367607539608855,0.10540004954173887,0.02031211295516472
20260822,background_equal,ASXL1,1264,139.0312023376795,0.5419303797468354,0.4375,0.370253164556962,0.19224683544303797,-19.199799463380515,0.0925632911392405,0.011867088607594944
20260822,background_equal,JAK2,3493,138.14911945347896,0.5413684511880905,0.4434583452619525,0.36730604065273403,0.18923561408531347,-16.66473855113159,0.0987689665044375,0.024048096192384794
20260823,null,Global,100000,156.08883024981043,0.44022,0.41298,0.52567,0.06135,0.0,0.0,0.0
20260823,null,No CHIP,70127,155.80845654893363,0.44057210489540405,0.4131789467680066,0.5257033667488984,0.06111768648309496,0.0,0.0,0.0
20260823,null,DNMT3A,16981,157.00087552804496,0.44255344208232733,0.4158765679288617,0.5218773923797185,0.06224603969141982,0.0,0.0,0.0
20260823,null,TET2,8000,156.71125595572028,0.43625,0.411125,0.52975,0.059125,0.0,0.0,0.0
20260823,null,ASXL1,1394,158.08339100793697,0.4081779053084649,0.3830703012912482,0.5588235294117647,0.05810616929698709,0.0,0.0,0.0
20260823,null,JAK2,3498,154.9224459351343,0.44368210405946257,0.41109205260148657,0.5208690680388793,0.06803887935963408,0.0,0.0,0.0
20260823,cardiac,Global,100000,154.26124268515952,0.45925,0.43086,0.50842,0.06072,-1.827587564650912,0.01902999999999999,0.017880000000000007
20260823,cardiac,No CHIP,70127,155.80845654893363,0.44057210489540405,0.4131789467680066,0.5257033667488984,0.06111768648309496,0.0,0.0,0.0
20260823,cardiac,DNMT3A,16981,154.32786885708438,0.47299923443849007,0.4442023437960073,0.49419939932866147,0.061598256875331256,-2.673006670960575,0.030445792356162737,0.02832577586714563
20260823,cardiac,TET2,8000,146.85325163796563,0.544,0.512,0.43275,0.05525,-9.858004317754649,0.10775000000000001,0.10087499999999999
20260823,cardiac,ASXL1,1394,149.00072307013556,0.5265423242467718,0.4964131994261119,0.45050215208034433,0.05308464849354376,-9.082667937801403,0.11836441893830696,0.1133428981348637
20260823,cardiac,JAK2,3498,145.42988470654075,0.5463121783876501,0.5088622069754145,0.42710120068610635,0.06403659233847914,-9.492561228593559,0.10263007432818755,0.09777015437392794
20260823,brain_half,Global,100000,153.34859960333438,0.45119,0.42357,0.51593,0.0605,-2.74023064647605,0.01096999999999998,0.010589999999999988
20260823,brain_half,No CHIP,70127,155.80845654893363,0.44057210489540405,0.4131789467680066,0.5257033667488984,0.06111768648309496,0.0,0.0,0.0
20260823,brain_half,DNMT3A,16981,153.1455166175291,0.460161356810553,0.4326011424533302,0.50597726871209,0.06142158883457982,-3.8553589105158608,0.01760791472822565,0.016724574524468516
20260823,brain_half,TET2,8000,143.0407875384327,0.497625,0.47025,0.475375,0.054375,-13.670468417287566,0.06137499999999996,0.05912499999999998
20260823,brain_half,ASXL1,1394,143.71200374269029,0.47919655667144906,0.4519368723098996,0.4964131994261119,0.05164992826398852,-14.371387265246682,0.07101865136298419,0.0688665710186514
20260823,brain_half,JAK2,3498,141.49560448209905,0.5031446540880503,0.4699828473413379,0.4688393367638651,0.061177815894797025,-13.426841453035252,0.059462550028587746,0.058890794739851315
20260823,brain_equal,Global,100000,152.29600824368293,0.44184,0.41501,0.52479,0.0602,-3.792822006127494,0.0016200000000000103,0.0020299999999999763
20260823,brain_equal,No CHIP,70127,155.80845654893363,0.44057210489540405,0.4131789467680066,0.5257033667488984,0.06111768648309496,0.0,0.0,0.0
20260823,brain_equal,DNMT3A,16981,151.36953689272727,0.44514457334668156,0.41864436723396736,0.520464048053707,0.06089158471232554,-5.6313386353176895,0.0025911312643542295,0.002767799305105678
20260823,brain_equal,TET2,8000,137.78907132935683,0.44475,0.4225,0.524875,0.052625,-18.922184626363446,0.008499999999999952,0.011374999999999968
20260823,brain_equal,ASXL1,1394,138.18616624014044,0.41893830703012913,0.39741750358680056,0.5516499282639885,0.050932568149210905,-19.89722476779653,0.010760401721664259,0.014347202295552364
20260823,brain_equal,JAK2,3498,136.93982050377602,0.45368782161234994,0.42395654659805604,0.5165809033733562,0.05946255002858777,-17.982625431358287,0.010005717552887372,0.01286449399656947
20260823,brain_double,Global,100000,149.83591836183479,0.42546,0.3998,0.54078,0.05942,-6.2529118879756425,-0.014759999999999995,-0.013180000000000025
20260823,brain_double,No CHIP,70127,155.80845654893363,0.44057210489540405,0.4131789467680066,0.5257033667488984,0.06111768648309496,0.0,0.0,0.0
20260823,brain_double,DNMT3A,16981,147.73750414763327,0.4179965844178788,0.39338083740651314,0.5470231435133385,0.0595960190801484,-9.263371380411684,-0.02455685766444854,-0.022495730522348545
20260823,brain_double,TET2,8000,127.49125281012962,0.35,0.33375,0.6175,0.04875,-29.220003145590653,-0.08625000000000005,-0.07737500000000003
20260823,brain_double,ASXL1,1394,126.90335261032482,0.3350071736011478,0.31922525107604016,0.6341463414634146,0.046628407460545196,-31.18003839761215,-0.07317073170731708,-0.06384505021520803
20260823,brain_double,JAK2,3498,126.22667151656583,0.3673527730131504,0.34591194968553457,0.6000571755288736,0.054030874785591765,-28.695774418568476,-0.07632933104631218,-0.065180102915952
20260823,background_equal,Global,100000,152.45067162855037,0.45925,0.41733,0.49512,0.08755,-3.638158621260061,0.01902999999999999,0.004349999999999965
20260823,background_equal,No CHIP,70127,155.80845654893363,0.44057210489540405,0.4131789467680066,0.5257033667488984,0.06111768648309496,0.0,0.0,0.0
20260823,background_equal,DNMT3A,16981,151.13936595176503,0.47299923443849007,0.42064660502915024,0.46634473823685296,0.11300865673399682,-5.8615095762799285,0.030445792356162737,0.00477003710028856
20260823,background_equal,TET2,8000,138.97054597547185,0.544,0.434625,0.368,0.197375,-17.740709980248425,0.10775000000000001,0.023499999999999965
20260823,background_equal,ASXL1,1394,140.19003679814924,0.5265423242467718,0.42395982783357244,0.3751793400286944,0.20086083213773315,-17.89335420978773,0.11836441893830696,0.04088952654232425
20260823,background_equal,JAK2,3498,136.95973377223493,0.5463121783876501,0.4422527158376215,0.3602058319039451,0.1975414522584334,-17.96271216289938,0.10263007432818755,0.031160663236134922
20260824,null,Global,100000,156.3704949243339,0.43903,0.41222,0.52647,0.06131,0.0,0.0,0.0
20260824,null,No CHIP,69814,156.63804860434547,0.4402841836880855,0.41398573352049733,0.525238490847108,0.06077577563239465,0.0,0.0,0.0
20260824,null,DNMT3A,17369,155.54663594665257,0.4333582819966607,0.4048592319649951,0.5323852841268928,0.06275548390811216,0.0,0.0,0.0
20260824,null,TET2,8068,156.4550459208844,0.43604362915220624,0.408155676747645,0.5276400594942985,0.06420426375805652,0.0,0.0,0.0
20260824,null,ASXL1,1279,161.48615861456756,0.4472243940578577,0.4190774042220485,0.5199374511336982,0.06098514464425332,0.0,0.0,0.0
20260824,null,JAK2,3470,154.26531455808674,0.44610951008645533,0.42046109510086455,0.5213256484149856,0.05821325648414986,0.0,0.0,0.0
20260824,cardiac,Global,100000,154.50467545173075,0.45754,0.42964,0.50983,0.06053,-1.8658194726031638,0.018510000000000026,0.017420000000000047
20260824,cardiac,No CHIP,69814,156.63804860434547,0.4402841836880855,0.41398573352049733,0.525238490847108,0.06077577563239465,0.0,0.0,0.0
20260824,cardiac,DNMT3A,17369,152.88338499062752,0.4647935977891646,0.43433703725027345,0.5041741032874661,0.06148885946226035,-2.6632509560250526,0.031435315792503915,0.029477805285278325
20260824,cardiac,TET2,8068,146.3835438679268,0.5402825979176995,0.5053296975706495,0.434680218145761,0.05999008428358949,-10.071502052957612,0.10423896876549327,0.09717402082300447
20260824,cardiac,ASXL1,1279,150.65244547474762,0.5449569976544175,0.5121188428459734,0.4300234558248632,0.05785770132916341,-10.833713139819935,0.09773260359655983,0.09304143862392494
20260824,cardiac,JAK2,3470,144.35483855904755,0.5438040345821326,0.5146974063400577,0.4322766570605187,0.05302593659942363,-9.910475999039193,0.09769452449567723,0.09423631123919313
20260824,brain_half,Global,100000,153.61433580715558,0.44912,0.42206,0.51771,0.06023,-2.7561591171783277,0.010090000000000043,0.009840000000000015
20260824,brain_half,No CHIP,69814,156.63804860434547,0.4402841836880855,0.41398573352049733,0.525238490847108,0.06077577563239465,0.0,0.0,0.0
20260824,brain_half,DNMT3A,17369,151.6414892148133,0.45137889343082505,0.42253440036847256,0.5162646093615061,0.0612009902700213,-3.9051467318392667,0.018020611434164335,0.017675168403477437
20260824,brain_half,TET2,8068,142.5904172649857,0.49380267724343085,0.46343579573624194,0.4784333168071393,0.05813088745661874,-13.864628655898713,0.05775904809122462,0.055280118988596916
20260824,brain_half,ASXL1,1279,146.2977358516369,0.4941360437842064,0.4659890539483972,0.4792806880375293,0.054730258014073496,-15.188422762930657,0.0469116497263487,0.0469116497263487
20260824,brain_half,JAK2,3470,140.5311067843097,0.49510086455331415,0.4697406340057637,0.4789625360230548,0.051296829971181554,-13.73420777377703,0.048991354466858816,0.04927953890489917
20260824,brain_equal,Global,100000,152.3583777947195,0.44086,0.41445,0.52572,0.05983,-4.01211712961441,0.0018299999999999983,0.0022300000000000098
20260824,brain_equal,No CHIP,69814,156.63804860434547,0.4402841836880855,0.41398573352049733,0.525238490847108,0.06077577563239465,0.0,0.0,0.0
20260824,brain_equal,DNMT3A,17369,149.95672132310796,0.43669756462663367,0.40883182681789393,0.530773216650354,0.06039495653175197,-5.589914623544615,0.0033392826299729617,0.003972594852898803
20260824,brain_equal,TET2,8068,137.5168305672732,0.44558750619732274,0.4195587506197323,0.5247892910262767,0.055651958353991074,-18.938215353611213,0.0095438770451165,0.011403073872087277
20260824,brain_equal,ASXL1,1279,140.70521140131203,0.4581704456606724,0.4323690383111806,0.5144644253322909,0.053166536356528536,-20.78094721325553,0.0109460516028147,0.013291634089132143
20260824,brain_equal,JAK2,3470,135.784481551251,0.4559077809798271,0.4334293948126801,0.5164265129682997,0.05014409221902017,-18.480833006835752,0.009798270893371763,0.012968299711815567
20260824,brain_double,Global,100000,149.8056767677504,0.42315,0.39824,0.5427,0.05906,-6.564818156583499,-0.01587999999999995,-0.013979999999999992
20260824,brain_double,No CHIP,69814,156.63804860434547,0.4402841836880855,0.41398573352049733,0.525238490847108,0.06077577563239465,0.0,0.0,0.0
20260824,brain_double,DNMT3A,17369,146.4997287634024,0.4037077551960389,0.37889343082503313,0.5619782370890667,0.05912833208590017,-9.04690718325017,-0.0296505268006218,-0.025965801139961997
20260824,brain_double,TET2,8068,127.1883242779897,0.3513882002974715,0.33403569657907783,0.6150223103619237,0.05094199305899851,-29.26672164289471,-0.08465542885473476,-0.07411998016856719
20260824,brain_double,ASXL1,1279,129.68276751187042,0.35809225957779517,0.3385457388584832,0.6114151681000782,0.05003909304143862,-31.803391102697134,-0.08913213448006252,-0.08053166536356526
20260824,brain_double,JAK2,3470,125.91890561220065,0.3665706051873199,0.3495677233429395,0.6040345821325649,0.04639769452449568,-28.346408945886097,-0.07953890489913545,-0.07089337175792504
20260824,background_equal,Global,100000,152.48345327605628,0.45754,0.41593,0.49641,0.08766,-3.8870416482776307,0.018510000000000026,0.0037100000000000466
20260824,background_equal,No CHIP,69814,156.63804860434547,0.4402841836880855,0.41398573352049733,0.525238490847108,0.06077577563239465,0.0,0.0,0.0
20260824,background_equal,DNMT3A,17369,149.67381916411134,0.4647935977891646,0.41188324025562784,0.47446600264839656,0.1136507570959756,-5.872816782541236,0.031435315792503915,0.007024008290632711
20260824,background_equal,TET2,8068,138.15621040332732,0.5402825979176995,0.4293505205751115,0.3689885969261279,0.20166088249876055,-18.29883551755708,0.10423896876549327,0.021194843827466503
20260824,background_equal,ASXL1,1279,139.54082317218177,0.5449569976544175,0.4284597341673182,0.3721657544956998,0.19937451133698203,-21.945335442385783,0.09773260359655983,0.009382329945269718
20260824,background_equal,JAK2,3470,136.45677214583503,0.5438040345821326,0.43948126801152737,0.368299711815562,0.19221902017291068,-17.80854241225171,0.09769452449567723,0.019020172910662825
20260825,null,Global,100000,156.62125081199798,0.43995,0.4141,0.52445,0.06145,0.0,0.0,0.0
20260825,null,No CHIP,69994,156.45505003449733,0.43880904077492355,0.4129068205846215,0.5256021944738121,0.06149098494156642,0.0,0.0,0.0
20260825,null,DNMT3A,17164,157.86264973087066,0.44109764623630854,0.4149965043113493,0.5221976229317176,0.06280587275693311,0.0,0.0,0.0
20260825,null,TET2,8006,156.04930129869086,0.44291781164126903,0.4189357981513865,0.5213589807644267,0.05970522108418686,0.0,0.0,0.0
20260825,null,ASXL1,1355,158.14460423534666,0.45092250922509225,0.4280442804428044,0.5180811808118081,0.05387453874538745,0.0,0.0,0.0
20260825,null,JAK2,3481,155.13975242004412,0.4461361677678828,0.4171215168055157,0.5219764435507038,0.06090203964378052,0.0,0.0,0.0
20260825,cardiac,Global,100000,154.72361190837876,0.45807,0.43143,0.50778,0.06079,-1.8976389036192245,0.01811999999999997,0.017329999999999957
20260825,cardiac,No CHIP,69994,156.45505003449733,0.43880904077492355,0.4129068205846215,0.5256021944738121,0.06149098494156642,0.0,0.0,0.0
20260825,cardiac,DNMT3A,17164,155.11212194290204,0.47244232113726403,0.4445350734094617,0.49341645304124915,0.06204847354928921,-2.750527787968622,0.031344674900955494,0.029538569098112366
20260825,cardiac,TET2,8006,145.1575569880339,0.5455908068948289,0.5177366974768923,0.426929802648014,0.05533349987509368,-10.891744310656975,0.10267299525355983,0.09880089932550584
20260825,cardiac,ASXL1,1355,148.11216452436435,0.5505535055350553,0.522509225092251,0.42583025830258303,0.05166051660516605,-10.032439710982317,0.09963099630996308,0.09446494464944655
20260825,cardiac,JAK2,3481,144.48814375586468,0.537201953461649,0.5053145647802356,0.4380925021545533,0.05659293306521115,-10.651608664179435,0.09106578569376622,0.08819304797471994
20260825,brain_half,Global,100000,153.91931738494037,0.45003,0.42393,0.51549,0.06058,-2.701933427057611,0.010079999999999978,0.00982999999999995
20260825,brain_half,No CHIP,69994,156.45505003449733,0.43880904077492355,0.4129068205846215,0.5256021944738121,0.06149098494156642,0.0,0.0,0.0
20260825,brain_half,DNMT3A,17164,154.03566544511193,0.46009088790491726,0.43329060824982524,0.5049522255884409,0.061757166161733865,-3.8269842857587264,0.018993241668608718,0.018294103938475914
20260825,brain_half,TET2,8006,141.8351748754171,0.49887584311766175,0.4731451411441419,0.47277042218336246,0.05408443667249563,-14.214126423273768,0.05595803147639272,0.05420934299275543
20260825,brain_half,ASXL1,1355,143.75076240857072,0.5033210332103321,0.4782287822878229,0.4708487084870849,0.05092250922509225,-14.39384182677594,0.05239852398523981,0.05018450184501849
20260825,brain_half,JAK2,3481,140.77517373576075,0.49296179258833667,0.4650962367135881,0.47974719908072394,0.05515656420568802,-14.364578684283373,0.04682562482045388,0.047974719908072394
20260825,brain_equal,Global,100000,152.81199620524995,0.44144,0.41593,0.52392,0.06015,-3.809254606748027,0.0014899999999999913,0.0018299999999999983
20260825,brain_equal,No CHIP,69994,156.45505003449733,0.43880904077492355,0.4129068205846215,0.5256021944738121,0.06149098494156642,0.0,0.0,0.0
20260825,brain_equal,DNMT3A,17164,152.0491858058046,0.44401072011186205,0.4183174085294803,0.5208576089489629,0.06082498252155675,-5.81346392506606,0.002913073875553507,0.003320904218130971
20260825,brain_equal,TET2,8006,136.8208193724344,0.4515363477391956,0.4294279290532101,0.5188608543592306,0.05171121658755933,-19.22848192625645,0.008618536097926566,0.010492130901823604
20260825,brain_equal,ASXL1,1355,139.24147067917937,0.46051660516605164,0.43763837638376385,0.5121771217712177,0.05018450184501845,-18.90313355616729,0.00959409594095939,0.009594095940959446
20260825,brain_equal,JAK2,3481,135.93713754833377,0.4510198218902614,0.4254524561907498,0.5214018960068946,0.053145647802355644,-19.202614871710352,0.004883654122378622,0.008330939385234104
20260825,brain_double,Global,100000,150.3297992174676,0.42383,0.39972,0.54091,0.05937,-6.291451594530372,-0.016120000000000023,-0.014380000000000004
20260825,brain_double,No CHIP,69994,156.45505003449733,0.43880904077492355,0.4129068205846215,0.5256021944738121,0.06149098494156642,0.0,0.0,0.0
20260825,brain_double,DNMT3A,17164,148.55604982783439,0.4110347238405966,0.38825448613376834,0.5524353297599627,0.05931018410626893,-9.306599903036272,-0.030062922395711955,-0.026742018177580984
20260825,brain_double,TET2,8006,127.39290589027468,0.358356232825381,0.34324256807394454,0.6094179365475894,0.04733949537846615,-28.656395408416188,-0.08456157881588805,-0.07569323007744194
20260825,brain_double,ASXL1,1355,129.957311866154,0.3586715867158672,0.34317343173431736,0.6103321033210332,0.04649446494464945,-28.187292369192676,-0.09225092250922506,-0.08487084870848705
20260825,brain_double,JAK2,3481,126.52613019632194,0.361677678827923,0.3430048836541224,0.6072967538063775,0.04969836253950014,-28.613622223722174,-0.08445848893995977,-0.07411663315139327
20260825,background_equal,Global,100000,152.8773246276222,0.45807,0.41752,0.49457,0.08791,-3.7439261843757947,0.01811999999999997,0.0034199999999999786
20260825,background_equal,No CHIP,69994,156.45505003449733,0.43880904077492355,0.4129068205846215,0.5256021944738121,0.06149098494156642,0.0,0.0,0.0
20260825,background_equal,DNMT3A,17164,152.0139477072541,0.47244232113726403,0.42058960615241203,0.4651596364483803,0.11425075739920765,-5.848702023616568,0.031344674900955494,0.005593101841062709
20260825,background_equal,TET2,8006,137.66671627071187,0.5455908068948289,0.44066949787659254,0.364101923557332,0.19522857856607545,-18.38258502797899,0.10267299525355983,0.021733699725206057
20260825,background_equal,ASXL1,1355,140.56986008023648,0.5505535055350553,0.44059040590405907,0.36088560885608856,0.1985239852398524,-17.57474415511018,0.09963099630996308,0.012546125461254665
20260825,background_equal,JAK2,3481,137.67921640996187,0.537201953461649,0.43292157426027006,0.36771042803792015,0.19936799770180982,-17.46053601008225,0.09106578569376622,0.01580005745475438
20260826,null,Global,100000,156.27261414461026,0.44272,0.41567,0.52205,0.06228,0.0,0.0,0.0
20260826,null,No CHIP,69915,155.8686608222555,0.441521847958235,0.4141600514910963,0.5230351140670815,0.06280483444182221,0.0,0.0,0.0
20260826,null,DNMT3A,17339,157.70824069225688,0.4461618317088644,0.42043947171117135,0.5192917699982698,0.06026875829055885,0.0,0.0,0.0
20260826,null,TET2,7975,156.9408105050187,0.4430094043887147,0.41642633228840126,0.5218808777429467,0.06169278996865204,0.0,0.0,0.0
20260826,null,ASXL1,1297,152.76281261650757,0.4656900539707016,0.4402467232074017,0.5073245952197378,0.052428681572860444,0.0,0.0,0.0
20260826,null,JAK2,3474,155.58807355743713,0.44041450777202074,0.4113413932066782,0.5218767990788716,0.0667818077144502,0.0,0.0,0.0
20260826,cardiac,Global,100000,154.40756188008146,0.46178,0.43365,0.5046,0.06175,-1.8650522645287992,0.01906000000000002,0.017979999999999996
20260826,cardiac,No CHIP,69915,155.8686608222555,0.441521847958235,0.4141600514910963,0.5230351140670815,0.06280483444182221,0.0,0.0,0.0
20260826,cardiac,DNMT3A,17339,155.01406571638213,0.4784012918853452,0.45089105484745373,0.4896476152027222,0.059461329949824095,-2.694174975874745,0.03223946017648077,0.03045158313628238
20260826,cardiac,TET2,7975,146.93187316816363,0.5455799373040753,0.5126018808777429,0.4288401253918495,0.05855799373040752,-10.00893733685507,0.10257053291536056,0.09617554858934169
20260826,cardiac,ASXL1,1297,142.66570529892132,0.566692367000771,0.5335389360061681,0.41480339244410175,0.051657671549730146,-10.09710731758625,0.10100231303006935,0.09329221279876637
20260826,cardiac,JAK2,3474,144.1884132269758,0.5549798503166379,0.5213010938399539,0.41565918249856076,0.06303972366148532,-11.39966033046133,0.11456534254461714,0.10995970063327576
20260826,brain_half,Global,100000,153.54646016603897,0.45356,0.42606,0.51239,0.06155,-2.72615397857129,0.010840000000000016,0.01039000000000001
20260826,brain_half,No CHIP,69915,155.8686608222555,0.441521847958235,0.4141600514910963,0.5230351140670815,0.06280483444182221,0.0,0.0,0.0
20260826,brain_half,DNMT3A,17339,153.80061836879003,0.464098275563758,0.4376838341311494,0.5030278562777554,0.05928830959109522,-3.9076223234668532,0.01793644385489357,0.017244362419978065
20260826,brain_half,TET2,7975,142.84618521397516,0.5019435736677116,0.47260188087774296,0.46996865203761756,0.0574294670846395,-14.094625291043542,0.05893416927899686,0.056175548589341706
20260826,brain_half,ASXL1,1297,138.71889643007074,0.5250578257517348,0.49653045489591363,0.4533538936006168,0.05011565150346955,-14.043916186436832,0.05936777178103314,0.05628373168851192
20260826,brain_half,JAK2,3474,140.68152546743937,0.5054691997697179,0.4743811168681635,0.4643062751871042,0.0613126079447323,-14.906548089997756,0.0650546919976972,0.0630397236614853
20260826,brain_equal,Global,100000,152.40132170568614,0.44436,0.41758,0.5212,0.06122,-3.8712924389241152,0.0016399999999999748,0.0019100000000000228
20260826,brain_equal,No CHIP,69915,155.8686608222555,0.441521847958235,0.4141600514910963,0.5230351140670815,0.06280483444182221,0.0,0.0,0.0
20260826,brain_equal,DNMT3A,17339,151.86849527519135,0.44898783090143607,0.42361151162120075,0.5177922602226195,0.05859622815617971,-5.839745417065529,0.0028259991925716488,0.0031720399100294006
20260826,brain_equal,TET2,7975,137.90054256586768,0.4522884012539185,0.4270846394984326,0.517115987460815,0.05579937304075235,-19.040267939151022,0.009278996865203781,0.01065830721003136
20260826,brain_equal,ASXL1,1297,134.35653292087514,0.47494217424826524,0.4494988434849653,0.5003855050115652,0.05011565150346955,-18.406279695632435,0.009252120277563614,0.009252120277563614
20260826,brain_equal,JAK2,3474,136.52391726088632,0.448762233736327,0.42256764536557284,0.5184225676453655,0.0590097869890616,-19.064156296550806,0.008347725964306274,0.011226252158894667
20260826,brain_double,Global,100000,149.88795836745652,0.42721,0.40166,0.5379,0.06044,-6.384655777153739,-0.015510000000000024,-0.014009999999999967
20260826,brain_double,No CHIP,69915,155.8686608222555,0.441521847958235,0.4141600514910963,0.5230351140670815,0.06280483444182221,0.0,0.0,0.0
20260826,brain_double,DNMT3A,17339,148.03156804864173,0.41819020704769594,0.39523617278966494,0.5479554760943538,0.056808351115981315,-9.676672643615149,-0.02797162466116848,-0.025203298921506412
20260826,brain_double,TET2,7975,127.43596512467236,0.3581191222570533,0.3393103448275862,0.6090282131661442,0.05166144200626959,-29.50484538034634,-0.08489028213166144,-0.07711598746081505
20260826,brain_double,ASXL1,1297,125.73965384231116,0.3700848111025443,0.3508095605242868,0.6013878180416345,0.047802621434078645,-27.023158774196418,-0.0956052428681573,-0.08943716268311491
20260826,brain_double,JAK2,3474,126.16861490512747,0.3641335636154289,0.34427173287276913,0.5998848589522164,0.055843408175014396,-29.419458652309658,-0.07628094415659181,-0.06706966033390904
20260826,background_equal,Global,100000,152.64670761978965,0.46178,0.41991,0.49156,0.08853,-3.625906524820607,0.01906000000000002,0.0042400000000000215
20260826,background_equal,No CHIP,69915,155.8686608222555,0.441521847958235,0.4141600514910963,0.5230351140670815,0.06280483444182221,0.0,0.0,0.0
20260826,background_equal,DNMT3A,17339,151.8383831568051,0.4784012918853452,0.42874444893015745,0.4620220312590115,0.10923351981083107,-5.869857535451786,0.03223946017648077,0.008304977218986098
20260826,background_equal,TET2,7975,138.96649569631822,0.5455799373040753,0.4374921630094044,0.36401253918495297,0.19849529780564262,-17.974314808700484,0.10257053291536056,0.021065830721003154
20260826,background_equal,ASXL1,1297,136.97101758033156,0.566692367000771,0.4579799537393986,0.3508095605242868,0.19121048573631458,-15.791795036176012,0.10100231303006935,0.01773323053199688
20260826,background_equal,JAK2,3474,137.50468534185234,0.5549798503166379,0.4369602763385147,0.3508923431203224,0.21214738054116292,-18.08338821558479,0.11456534254461714,0.025618883131836523
20260827,null,Global,100000,156.43874977765384,0.43892,0.41236,0.52504,0.0626,0.0,0.0,0.0
20260827,null,No CHIP,69898,156.70905016190102,0.4401556553835589,0.41290165669976253,0.5243497668030559,0.0627485764971816,0.0,0.0,0.0
20260827,null,DNMT3A,17294,155.9346774204663,0.434370301838788,0.40898577541343817,0.5281600555105816,0.06285416907598011,0.0,0.0,0.0
20260827,null,TET2,8034,155.273580470173,0.4345282549166044,0.4100074682598954,0.528503858600946,0.061488673139158574,0.0,0.0,0.0
20260827,null,ASXL1,1333,161.93324524281945,0.4441110277569392,0.42085521380345087,0.5198799699924981,0.05926481620405101,0.0,0.0,0.0
20260827,null,JAK2,3441,153.06947909843032,0.44492879976750943,0.4205172914850334,0.5172914850334205,0.062191223481546064,0.0,0.0,0.0
20260827,cardiac,Global,100000,154.60752249225422,0.45721,0.42949,0.50842,0.06209,-1.8312272853996205,0.01829000000000003,0.01712999999999998
20260827,cardiac,No CHIP,69898,156.70905016190102,0.4401556553835589,0.41290165669976253,0.5243497668030559,0.0627485764971816,0.0,0.0,0.0
20260827,cardiac,DNMT3A,17294,153.3147235627162,0.4638024748467677,0.4364519486527119,0.5014455880652249,0.06210246328206314,-2.6199538577500903,0.02943217300797968,0.02746617323927375
20260827,cardiac,TET2,8034,145.24154240063297,0.5367189444859348,0.5059746079163555,0.43515060990789145,0.05887478217575305,-10.032038069540022,0.10219068956933042,0.09596713965646009
20260827,cardiac,ASXL1,1333,149.5646150906005,0.5521380345086272,0.5213803450862715,0.423105776444111,0.0555138784696174,-12.368630152218941,0.10802700675168797,0.10052513128282065
20260827,cardiac,JAK2,3441,143.98909116999266,0.5480964835803546,0.5172914850334205,0.4240046498111014,0.05870386515547806,-9.08038792843766,0.10316768381284513,0.09677419354838707
20260827,brain_half,Global,100000,153.80973009003424,0.44963,0.4226,0.51556,0.06184,-2.6290196876196035,0.010709999999999997,0.010239999999999971
20260827,brain_half,No CHIP,69898,156.70905016190102,0.4401556553835589,0.41290165669976253,0.5243497668030559,0.0627485764971816,0.0,0.0,0.0
20260827,brain_half,DNMT3A,17294,152.23621240731137,0.45229559384757717,0.4261593616283104,0.5122007632704985,0.06163987510119116,-3.69846501315493,0.017925292008789173,0.01717358621487225
20260827,brain_half,TET2,8034,141.64255109503128,0.4921583271097834,0.4653970624844411,0.47697286532237987,0.05763007219317899,-13.631029375141708,0.057630072193179005,0.0553895942245457
20260827,brain_half,ASXL1,1333,145.7881367377966,0.5093773443360841,0.4838709677419355,0.4628657164291073,0.05326331582895724,-16.145108505022847,0.06526631657914483,0.06301575393848463
20260827,brain_half,JAK2,3441,139.7311242505037,0.5062481836675385,0.4780587038651555,0.46439988375472246,0.05754141238012206,-13.33835484792661,0.06131938390002911,0.05754141238012206
20260827,brain_equal,Global,100000,152.6639194373696,0.44061,0.41431,0.52433,0.06136,-3.7748303402842396,0.0016900000000000248,0.0019500000000000073
20260827,brain_equal,No CHIP,69898,156.70905016190102,0.4401556553835589,0.41290165669976253,0.5243497668030559,0.0627485764971816,0.0,0.0,0.0
20260827,brain_equal,DNMT3A,17294,150.31943385186563,0.4367988897883659,0.41187695154388804,0.5272927026714468,0.0608303457846652,-5.615243568600675,0.0024285879495778984,0.0028911761304498684
20260827,brain_equal,TET2,8034,136.71230895251483,0.4443614637789395,0.4210853871048046,0.5237739606671645,0.05514065222803087,-18.561271517658156,0.009833208862335074,0.011077918844909163
20260827,brain_equal,ASXL1,1333,142.2715480141703,0.4508627156789197,0.4298574643660915,0.5191297824456114,0.05101275318829707,-19.66169722864916,0.006751687921980498,0.009002250562640646
20260827,brain_equal,JAK2,3441,134.9419646747363,0.4562627143272305,0.43330427201394944,0.5123510607381575,0.05434466724789305,-18.12751442369401,0.011333914559721048,0.012786980528916025
20260827,brain_double,Global,100000,150.1680900562454,0.42391,0.39885,0.54064,0.06051,-6.270659721408435,-0.015009999999999968,-0.013510000000000022
20260827,brain_double,No CHIP,69898,156.70905016190102,0.4401556553835589,0.41290165669976253,0.5243497668030559,0.0627485764971816,0.0,0.0,0.0
20260827,brain_double,DNMT3A,17294,146.67939686900624,0.40754018734821323,0.3849311900080953,0.5559731698855094,0.05909564010639528,-9.25528055146006,-0.026830114490574763,-0.024054585405342888
20260827,brain_double,TET2,8034,126.56735207413332,0.35660941000746826,0.33980582524271846,0.6099078914612895,0.05028628329599203,-28.706228396039663,-0.07791884490913614,-0.07020164301717696
20260827,brain_double,ASXL1,1333,131.10932854252195,0.3600900225056264,0.34433608402100524,0.6069017254313578,0.04876219054763691,-30.823916700297502,-0.08402100525131284,-0.07651912978244563
20260827,brain_double,JAK2,3441,126.24467895974502,0.3580354548096484,0.34234234234234234,0.6070909619296716,0.05056669572798605,-26.824800138685305,-0.08689334495786105,-0.07817494914269107
20260827,background_equal,Global,100000,152.68880435529348,0.45721,0.416,0.49511,0.08889,-3.749945422360355,0.01829000000000003,0.0036399999999999766
20260827,background_equal,No CHIP,69898,156.70905016190102,0.4401556553835589,0.41290165669976253,0.5243497668030559,0.0627485764971816,0.0,0.0,0.0
20260827,background_equal,DNMT3A,17294,150.05961124550444,0.4638024748467677,0.4156354805134729,0.4740950618711692,0.11026945761535793,-5.875066174961859,0.02943217300797968,0.0066497051000347085
20260827,background_equal,TET2,8034,136.06504570055762,0.5367189444859348,0.4325367189444859,0.366940502862833,0.2005227781926811,-19.20853476961537,0.10219068956933042,0.022529250684590496
20260827,background_equal,ASXL1,1333,138.98366143793572,0.5521380345086272,0.43060765191297823,0.350337584396099,0.21905476369092272,-22.94958380488373,0.10802700675168797,0.009752438109527362
20260827,background_equal,JAK2,3441,135.74653248176466,0.5480964835803546,0.43650101714617845,0.36210403952339437,0.2013949433304272,-17.32294661666566,0.10316768381284513,0.015983725661145032
20260828,null,Global,100000,156.32286408150222,0.44111,0.41449,0.52472,0.06079,0.0,0.0,0.0
20260828,null,No CHIP,70009,156.40621428043076,0.4410432944335728,0.4142895913382565,0.5248896570440943,0.06082075161764916,0.0,0.0,0.0
20260828,null,DNMT3A,17206,155.77838843890865,0.4447867023131466,0.41874927350924096,0.5210391723817273,0.060211554109031735,0.0,0.0,0.0
20260828,null,TET2,7866,156.98648652198875,0.4422832443427409,0.41571319603356216,0.5231375540300025,0.06114924993643529,0.0,0.0,0.0
20260828,null,ASXL1,1327,157.29954359907669,0.4400904295403165,0.41446872645064053,0.5169555388093444,0.06857573474001508,0.0,0.0,0.0
20260828,null,JAK2,3592,155.71272939074797,0.4226057906458797,0.39532293986636974,0.5453786191536748,0.05929844097995546,0.0,0.0,0.0
20260828,cardiac,Global,100000,154.36661725782164,0.45943,0.43209,0.50779,0.06012,-1.9562468236805728,0.018320000000000003,0.01759999999999995
20260828,cardiac,No CHIP,70009,156.40621428043076,0.4410432944335728,0.4142895913382565,0.5248896570440943,0.06082075161764916,0.0,0.0,0.0
20260828,cardiac,DNMT3A,17206,153.07013512442833,0.4756480297570615,0.4486225735208648,0.4923282575845635,0.05904916889457166,-2.7082533144803165,0.0308613274439149,0.02987330001162386
20260828,cardiac,TET2,7866,145.84387341799527,0.543859649122807,0.5124586829392321,0.42995169082125606,0.057589626239511825,-11.142613103993483,0.10157640478006613,0.09674548690566998
20260828,cardiac,ASXL1,1327,146.18086996512724,0.5508666164280331,0.5184626978146194,0.41446872645064053,0.06706857573474001,-11.118673633949442,0.11077618688771662,0.10399397136397887
20260828,cardiac,JAK2,3592,145.84252254088733,0.5214365256124721,0.4919265033407572,0.4535077951002227,0.05456570155902005,-9.870206849860637,0.09883073496659239,0.09660356347438748
20260828,brain_half,Global,100000,153.498537324533,0.4514,0.42461,0.51548,0.05991,-2.8243267569692136,0.010290000000000021,0.010119999999999962
20260828,brain_half,No CHIP,70009,156.40621428043076,0.4410432944335728,0.4142895913382565,0.5248896570440943,0.06082075161764916,0.0,0.0,0.0
20260828,brain_half,DNMT3A,17206,151.8077545636108,0.4629780309194467,0.43670812507264906,0.5044170638149482,0.05887481111240265,-3.9706338752978354,0.018191328606300128,0.017958851563408096
20260828,brain_half,TET2,7866,142.52843005595818,0.4983473175692855,0.47012458682939234,0.47342995169082125,0.05644546147978642,-14.45805646603057,0.05606407322654461,0.05441139079583018
20260828,brain_half,ASXL1,1327,143.06045929643065,0.5003767897513187,0.47324792765636775,0.4619442351168048,0.06480783722682742,-14.239084302646035,0.0602863602110022,0.058779201205727216
20260828,brain_half,JAK2,3592,141.7673981684699,0.4768930957683742,0.45016703786191536,0.49693763919821826,0.05289532293986637,-13.945331222278071,0.05428730512249447,0.054844097995545626
20260828,brain_equal,Global,100000,152.38914697975486,0.44274,0.41663,0.52385,0.05952,-3.933717101747362,0.0016300000000000203,0.0021399999999999753
20260828,brain_equal,No CHIP,70009,156.40621428043076,0.4410432944335728,0.4142895913382565,0.5248896570440943,0.06082075161764916,0.0,0.0,0.0
20260828,brain_equal,DNMT3A,17206,150.2310260360518,0.44751830756712774,0.4223526676740672,0.5196443101243752,0.0580030222015576,-5.547362402856862,0.0027316052539811397,0.0036033941648262457
20260828,brain_equal,TET2,7866,138.25528393388626,0.45194508009153317,0.428044749555047,0.5170353419781337,0.05491990846681922,-18.73120258810249,0.009661835748792258,0.01233155352148485
20260828,brain_equal,ASXL1,1327,137.64021041793228,0.4483798040693293,0.4242652599849284,0.5139412207987942,0.06179351921627732,-19.659333181144405,0.008289374529012794,0.009796533534287888
20260828,brain_equal,JAK2,3592,136.73427741856608,0.4306792873051225,0.4070155902004454,0.5423162583518931,0.05066815144766147,-18.978451972181887,0.008073496659242785,0.011692650334075683
20260828,brain_double,Global,100000,149.90699464666395,0.42588,0.40094,0.54036,0.0587,-6.415869434838271,-0.015230000000000021,-0.013550000000000006
20260828,brain_double,No CHIP,70009,156.40621428043076,0.4410432944335728,0.4142895913382565,0.5248896570440943,0.06082075161764916,0.0,0.0,0.0
20260828,brain_double,DNMT3A,17206,146.70992542091682,0.41967918168080903,0.3963733581308846,0.547425316749971,0.05620132511914448,-9.068463017991832,-0.025107520632337565,-0.02237591537835637
20260828,brain_double,TET2,7866,127.86014034889553,0.3590134757182812,0.34248665141113654,0.6074243579964403,0.05008899059242309,-29.126346173093225,-0.08326976862445973,-0.07322654462242562
20260828,brain_double,ASXL1,1327,128.6915876739524,0.3519216277317257,0.3308214016578749,0.6111529766390355,0.058025621703089676,-28.607955925124287,-0.08816880180859082,-0.08364732479276565
20260828,brain_double,JAK2,3592,126.58047836083571,0.33379732739420936,0.31653674832962136,0.6350222717149221,0.04844097995545657,-29.132251029912254,-0.08880846325167036,-0.07878619153674837
20260828,background_equal,Global,100000,152.5900750871972,0.45943,0.41856,0.49465,0.08679,-3.732788994305025,0.018320000000000003,0.0040699999999999625
20260828,background_equal,No CHIP,70009,156.40621428043076,0.4410432944335728,0.4142895913382565,0.5248896570440943,0.06082075161764916,0.0,0.0,0.0
20260828,background_equal,DNMT3A,17206,150.19804503764726,0.4756480297570615,0.42508427292804835,0.46489596652330584,0.11001976054864582,-5.580343401261388,0.0308613274439149,0.0063349994188073855
20260828,background_equal,TET2,7866,138.52591255949233,0.543859649122807,0.4380879735570811,0.36651411136536993,0.19539791507754894,-18.460573962496426,0.10157640478006613,0.022374777523518963
20260828,background_equal,ASXL1,1327,138.78930648028467,0.5508666164280331,0.4385832705350414,0.34815373021853807,0.2132629992464205,-18.51023711879202,0.11077618688771662,0.02411454408440089
20260828,background_equal,JAK2,3592,137.70761050707634,0.5214365256124721,0.42037861915367486,0.3825167037861915,0.19710467706013363,-18.005118883671628,0.09883073496659239,0.02505567928730512
