scenario,group,T50_mean,T50_lo,T50_hi,P_heart_before_brain_mean,P_heart_before_brain_lo,P_heart_before_brain_hi,P_terminal_heart_mean,P_terminal_heart_lo,P_terminal_heart_hi,delta_T50_matched_mean,delta_T50_matched_lo,delta_T50_matched_hi,delta_P_heart_before_brain_matched_mean,delta_P_heart_before_brain_matched_lo,delta_P_heart_before_brain_matched_hi,delta_P_terminal_heart_matched_mean,delta_P_terminal_heart_matched_lo,delta_P_terminal_heart_matched_hi
null,Global,156.33572215295948,156.0636937744682,156.7071890138902,0.44040999999999997,0.43894475,0.44241175,0.41377499999999995,0.4122515,0.4155395,0.0,0.0,0.0,0.0,0.0,0.0,0.0,0.0,0.0
null,No CHIP,156.33709221259272,155.82200251043105,156.82551172369216,0.44065014465496527,0.43909729277543774,0.4420492445356869,0.41391526689826497,0.4128445250392846,0.41587473189394264,0.0,0.0,0.0,0.0,0.0,0.0,0.0,0.0,0.0
null,DNMT3A,156.49192211106623,155.56741180776868,157.82790769718255,0.4391281091340363,0.4335859864611393,0.4458524275948279,0.4124632770370186,0.40528418031176533,0.42005917711573704,0.0,0.0,0.0,0.0,0.0,0.0,0.0,0.0,0.0
null,TET2,156.19269280727173,154.77300358216567,156.9762094181705,0.44016493732623435,0.43406736103363897,0.4475475303852587,0.4143774515366473,0.40631638663925745,0.4218012311736274,0.0,0.0,0.0,0.0,0.0,0.0,0.0,0.0,0.0
null,ASXL1,157.7848516291768,153.36423377980358,161.83265075146278,0.44015319336260184,0.4119628766140603,0.4623673564029395,0.4159240172338821,0.38762948350071735,0.43750117358536733,0.0,0.0,0.0,0.0,0.0,0.0,0.0,0.0,0.0
null,JAK2,155.30487103392807,153.338542076853,157.68198626157772,0.44274785088974233,0.4264085359156944,0.45208018062480365,0.41544433946861903,0.398870990231771,0.42440842083427793,0.0,0.0,0.0,0.0,0.0,0.0,0.0,0.0,0.0
cardiac,Global,154.46166014241862,154.16965355733277,154.74719121198837,0.45877999999999997,0.45725725,0.46125350000000004,0.431172,0.42952375,0.43332149999999997,-1.8740620105408397,-1.973184583915642,-1.7960135623118234,0.018369999999999997,0.017872499999999975,0.019053250000000015,0.017397000000000003,0.016937250000000015,0.017957499999999998
cardiac,No CHIP,156.33709221259272,155.82200251043105,156.82551172369216,0.44065014465496527,0.43909729277543774,0.4420492445356869,0.41391526689826497,0.4128445250392846,0.41587473189394264,0.0,0.0,0.0,0.0,0.0,0.0,0.0,0.0,0.0
cardiac,DNMT3A,153.81526596323252,152.91541717507369,155.09005929193506,0.46983222306463845,0.46363501407171476,0.47778180790648134,0.44132490261864205,0.43454146838287466,0.45038064654897125,-2.6766561478337367,-2.9297085873214015,-2.446856688655282,0.030704113930602194,0.02885257214562059,0.03205852769008598,0.028861625581623473,0.026812832984332995,0.030321469433234213
cardiac,TET2,145.85823679762274,144.8463248075599,146.91418332386908,0.5424618398530692,0.534565700929093,0.5514902697568156,0.5110816069678786,0.5020836607766271,0.5213644254980674,-10.33445600964898,-11.441613292186416,-9.531921426081903,0.1022969025268348,0.09759942300021464,0.10722126114689126,0.09670415543123134,0.0918184956658312,0.10072271256502352
cardiac,ASXL1,147.58185072791997,143.3660219048304,150.40768363831452,0.545732250389437,0.5281830832461354,0.5634558151948282,0.5154841697462664,0.4982352671492217,0.5310572510505367,-10.203000901256852,-12.087389935608304,-8.622444143380852,0.10557905702683505,0.09372638644213735,0.1170449246771879,0.09956015251238433,0.08960520976633246,0.11221574605451938
cardiac,JAK2,145.4426103447051,144.03393863281386,147.877362052571,0.5439354402529701,0.5249837468785369,0.5546196054604711,0.5128976771107447,0.49493881716463983,0.5211080070104618,-9.862260689222989,-11.231348705547903,-9.04054408185976,0.10118758936322772,0.0925572519241962,0.11242527846185683,0.09745333764212567,0.08955278220922641,0.1078976436296303
brain_half,Global,153.62320278052894,153.3175621407664,153.94479405014093,0.450826,0.44923475,0.453119,0.423863,0.4221815,0.4258305,-2.712519372430512,-2.814341607101197,-2.6085289438359127,0.010415999999999998,0.010082249999999992,0.010940749999999989,0.010087999999999991,0.009760250000000009,0.010544999999999994
brain_half,No CHIP,156.33709221259272,155.82200251043105,156.82551172369216,0.44065014465496527,0.43909729277543774,0.4420492445356869,0.41391526689826497,0.4128445250392846,0.41587473189394264,0.0,0.0,0.0,0.0,0.0,0.0,0.0,0.0,0.0
brain_half,DNMT3A,152.60021430842636,151.67889891829273,153.9827798529395,0.45716493222857474,0.4514976187056946,0.46384622051878793,0.429816397915881,0.42299834097948585,0.4374642995929868,-3.8917078026398797,-4.177537609848109,-3.718053697500399,0.01803682309453844,0.01711080224547009,0.019390337388557898,0.01735312087886238,0.016142795671303257,0.018597487819146764
brain_half,TET2,142.09721126064144,141.06011554357562,142.99700201542976,0.49740324733155994,0.4908649667394426,0.5047921652401239,0.4695077821460588,0.46081629522756795,0.4775673931423588,-14.09548154663029,-14.95628593839827,-13.635533128409033,0.05723831000532555,0.05456807368923994,0.06082581308777426,0.05513033060941157,0.05229355081925654,0.058461373432601875
brain_half,ASXL1,143.36446102662435,139.40299178739235,146.18307605102282,0.49887464294801653,0.48083221863841813,0.5215297174332134,0.4729051508037819,0.45412325649130003,0.49368207028626854,-14.42039060255245,-15.929854213052105,-13.390886315799872,0.05872144958541463,0.04812575930715102,0.06972437603662034,0.056981133569899776,0.047648041453049406,0.06755013717561388
brain_half,JAK2,141.38829554269228,139.91112032061005,143.71186986466995,0.49920460275845724,0.48050855255286573,0.5103013667270202,0.4713466156719247,0.45352610760354173,0.4809612948972948,-13.916575491235804,-14.78460497371202,-13.357295131814324,0.05645675186871487,0.04731291399089499,0.06440801662189505,0.05590227620330568,0.04826830418235842,0.06271864784787258
brain_equal,Global,152.51143303643755,152.18682991747087,152.8395252951472,0.44206599999999996,0.44066625,0.44404725,0.41580300000000003,0.41434150000000003,0.417472,-3.824289116521902,-3.994477123344324,-3.627561710989319,0.0016559999999999965,0.001512499999999989,0.0018187499999999996,0.0020280000000000077,0.0018480000000000037,0.0022210000000000133
brain_equal,No CHIP,156.33709221259272,155.82200251043105,156.82551172369216,0.44065014465496527,0.43909729277543774,0.4420492445356869,0.41391526689826497,0.4128445250392846,0.41587473189394264,0.0,0.0,0.0,0.0,0.0,0.0,0.0,0.0,0.0
brain_equal,DNMT3A,150.8057584165087,149.95341839620923,152.0085304364166,0.44195517712275467,0.4367203627880234,0.4486571881512167,0.4157822357091286,0.40924596615875064,0.42332827173309573,-5.686163694557541,-5.833832081365649,-5.556936652511607,0.002827067988718457,0.002239447522917766,0.003384304852287491,0.003318958672109934,0.002761300402717498,0.003961785846985327
brain_equal,TET2,137.29119792284547,136.21430026451569,138.17546712608208,0.44924547846227425,0.44247118479028164,0.45661131435052216,0.4254649700825692,0.4159579088463254,0.43317297948521627,-18.901494884426278,-19.26775200870551,-18.558703317650004,0.009080541136039821,0.008103851762617275,0.009794649911787941,0.011087518545921993,0.009436560038758614,0.012289861567430239
brain_equal,ASXL1,138.4342244346703,134.76422419980292,141.9191222762772,0.44927890451008484,0.42195162403857567,0.4716964212047672,0.4264055450837222,0.40053615926473285,0.446830238387195,-19.35062719450649,-20.582109663027254,-18.20535123687683,0.009125711147482979,0.006288360551676399,0.011533755274261598,0.010481527849840005,0.007269867278849788,0.014109699449107815
brain_equal,JAK2,136.56954540762402,135.13153097195212,138.81192213471516,0.45206331345800893,0.4347479502521435,0.46139819959902995,0.4278775224281464,0.4105148026125991,0.43687108110277656,-18.73532562630406,-19.171461692299456,-18.015225454633825,0.009315462568266592,0.005601368693173059,0.011351947925284205,0.012433182959527417,0.00898238475930773,0.015570072976325013
brain_double,Global,149.99641107070684,149.60669390449783,150.31660999221322,0.42496600000000007,0.42330300000000004,0.427012,0.39998300000000003,0.39828725,0.40174525,-6.339311082252612,-6.551915136789689,-6.116887304561996,-0.015444000000000003,-0.016108750000000026,-0.014800499999999998,-0.013791999999999994,-0.01446524999999996,-0.013211500000000018
brain_double,No CHIP,156.33709221259272,155.82200251043105,156.82551172369216,0.44065014465496527,0.43909729277543774,0.4420492445356869,0.41391526689826497,0.4128445250392846,0.41587473189394264,0.0,0.0,0.0,0.0,0.0,0.0,0.0,0.0,0.0
brain_double,DNMT3A,147.19343754773993,146.28315870793742,148.43804142751603,0.4114555759774296,0.4043522473903322,0.4193441623883586,0.3877479667802504,0.3794671511574419,0.3961174914291102,-9.298484563326323,-9.618626453542202,-9.051757246067044,-0.027672533156606664,-0.029970133386816672,-0.02468075683222357,-0.02471531025676818,-0.026848124419309123,-0.02240287378575461
brain_double,TET2,127.26975725233531,126.17464014601416,127.93158133766457,0.3562811552530265,0.35005420999239156,0.3610474436549091,0.33933684377914736,0.33198571043621605,0.34519949145163464,-28.922935554936437,-29.45126753941972,-28.524663530331907,-0.08388378207320786,-0.08957283409710182,-0.07742890413112692,-0.07504060775749988,-0.08133679635248948,-0.06965331551432724
brain_double,ASXL1,128.0406607113332,125.85570790961071,130.85012479033915,0.3561828364455416,0.3372809354807392,0.37006572860447184,0.339554000733166,0.32115896808017175,0.3525667665025799,-29.744190917843593,-31.714035831840825,-27.285088833070574,-0.0839703569170602,-0.09631339483520882,-0.06683841463414635,-0.07637001650071615,-0.08871649095283178,-0.0569901362984218
brain_double,JAK2,126.71429900342041,125.97509020310918,128.6315522050839,0.36029749619331153,0.33925090606268316,0.3698416921362195,0.34264625414485816,0.3218856473866492,0.3522155775858207,-28.590572030507655,-29.356320205563254,-27.086697111911104,-0.08245035469643083,-0.08929621428273317,-0.07629183120677889,-0.07279808532376084,-0.07864866199808548,-0.06560525333499233
background_equal,Global,152.64417035120954,152.3109156489619,152.9984903473264,0.45877999999999997,0.45725725,0.46125350000000004,0.417556,0.41594575,0.41964225,-3.691551801749918,-3.864319597463717,-3.5226208966752295,0.018369999999999997,0.017872499999999975,0.019053250000000015,0.003781000000000001,0.003288250000000019,0.0043252499999999776
background_equal,No CHIP,156.33709221259272,155.82200251043105,156.82551172369216,0.44065014465496527,0.43909729277543774,0.4420492445356869,0.41391526689826497,0.4128445250392846,0.41587473189394264,0.0,0.0,0.0,0.0,0.0,0.0,0.0,0.0,0.0
background_equal,DNMT3A,150.72449107082858,149.71282921065122,151.97444568340308,0.46983222306463845,0.46363501407171476,0.47778180790648134,0.4187770473218012,0.41215437550590955,0.4279209093296829,-5.7674310402376845,-5.874560061667219,-5.539839259482466,0.030704113930602194,0.02885257214562059,0.03205852769008598,0.006313770284782594,0.004223359265999972,0.008228765967019755
background_equal,TET2,137.8759671838325,136.27267197827652,138.9696346626623,0.5424618398530692,0.534565700929093,0.5514902697568156,0.43515461414515116,0.42621964192016853,0.442112613737616,-18.316725623439247,-19.33181616636032,-17.656815675142056,0.1022969025268348,0.09759942300021464,0.10722126114689126,0.020777162608503957,0.01762058996063756,0.023281581404032834
background_equal,ASXL1,139.34793040002145,137.35619757432187,140.54901182455467,0.545732250389437,0.5281830832461354,0.5634558151948282,0.4375455087392927,0.42497230675866526,0.4543094641480339,-18.436921229155338,-22.723627923321693,-15.146064541895512,0.10557905702683505,0.09372638644213735,0.1170449246771879,0.021621491505410574,0.009465604282227688,0.040314383070301295
background_equal,JAK2,137.5754038617485,135.9063364061805,139.4501208656849,0.5439354402529701,0.5249837468785369,0.5546196054604711,0.43694600467814626,0.42320078405265876,0.443771728614713,-17.72946717217959,-18.361953868934734,-16.812835365876758,0.10118758936322772,0.0925572519241962,0.11242527846185683,0.021501665209527204,0.014117193506536098,0.03008414703552751
