seed,scenario,group,n,T50,P_heart_before_brain,P_terminal_heart,P_terminal_brain,P_terminal_background
20260819,null,Global,100000,156.73213881443957,0.44135,0.41489,0.52402,0.06109
20260819,null,No CHIP,70039,156.85932314485734,0.44055454818029954,0.4139550821685061,0.5241936635303188,0.06185125430117506
20260819,null,DNMT3A,17337,156.85499717710337,0.44079137105612276,0.41483532329699485,0.5258118474937994,0.059352829209205746
20260819,null,TET2,7986,156.4315981132722,0.44690708740295515,0.4203606311044328,0.5206611570247934,0.05897821187077385
20260819,null,ASXL1,1200,155.43579556448984,0.425,0.4033333333333333,0.54,0.056666666666666664
20260819,null,JAK2,3438,154.95414322833597,0.45317044793484584,0.42553810354857474,0.5136707388016288,0.060791157649796396
20260819,cardiac,Global,100000,154.75403681626213,0.4593,0.43201,0.50752,0.06047
20260819,cardiac,No CHIP,70039,156.85932314485734,0.44055454818029954,0.4139550821685061,0.5241936635303188,0.06185125430117506
20260819,cardiac,DNMT3A,17337,153.8821154691008,0.47136182730576226,0.4437330564688239,0.4975485954894157,0.0587183480417604
20260819,cardiac,TET2,7986,144.90317831483623,0.5458302028549963,0.5151515151515151,0.4300025043826697,0.054845980465815174
20260819,cardiac,ASXL1,1200,146.94696478077947,0.5375,0.5116666666666667,0.43333333333333335,0.055
20260819,cardiac,JAK2,3438,145.57076247084953,0.5520651541593949,0.5197789412449099,0.42408376963350786,0.056137289121582314
20260819,brain_half,Global,100000,153.9521905013282,0.4516,0.42477,0.51498,0.06025
20260819,brain_half,No CHIP,70039,156.85932314485734,0.44055454818029954,0.4139550821685061,0.5241936635303188,0.06185125430117506
20260819,brain_half,DNMT3A,17337,152.6173907410955,0.4582684432139355,0.4315625540750995,0.5099498183076657,0.05848762761723482
20260819,brain_half,TET2,7986,141.34768115935316,0.5033809166040571,0.4749561733032807,0.47195091409967443,0.05309291259704483
20260819,brain_half,ASXL1,1200,142.15585296278022,0.4891666666666667,0.4658333333333333,0.48,0.05416666666666667
20260819,brain_half,JAK2,3438,141.5316093409084,0.5095986038394416,0.4799301919720768,0.46480511925538104,0.055264688772542175
20260819,brain_equal,Global,100000,152.847517611569,0.44297,0.41691,0.52316,0.05993
20260819,brain_equal,No CHIP,70039,156.85932314485734,0.44055454818029954,0.4139550821685061,0.5241936635303188,0.06185125430117506
20260819,brain_equal,DNMT3A,17337,151.10655814688508,0.4433869758320355,0.41777700870969603,0.5244275249466459,0.05779546634365807
20260819,brain_equal,TET2,7986,137.29364795946,0.4560480841472577,0.4325068870523416,0.5162784873528675,0.05121462559479088
20260819,brain_equal,ASXL1,1200,136.16849416055413,0.43666666666666665,0.415,0.5325,0.0525
20260819,brain_equal,JAK2,3438,136.16493365064935,0.4618964514252472,0.43717277486910994,0.508435136707388,0.05439208842350204
20260819,brain_double,Global,100000,150.27118043855924,0.42576,0.40097,0.53961,0.05942
20260819,brain_double,No CHIP,70039,156.85932314485734,0.44055454818029954,0.4139550821685061,0.5241936635303188,0.06185125430117506
20260819,brain_double,DNMT3A,17337,147.5171920544638,0.4112591567168484,0.38795639383976466,0.5550556613024168,0.05698794485781854
20260819,brain_double,TET2,7986,127.6133491262319,0.3611319809666917,0.34397695967943903,0.6075632356624092,0.048459804658151764
20260819,brain_double,ASXL1,1200,126.85899243940722,0.36,0.34833333333333333,0.6025,0.049166666666666664
20260819,brain_double,JAK2,3438,126.23313519919444,0.37056428155904597,0.3528214077952298,0.5959860383944153,0.051192553810354854
20260819,background_equal,Global,100000,153.03366749175666,0.4593,0.41814,0.49473,0.08713
20260819,background_equal,No CHIP,70039,156.85932314485734,0.44055454818029954,0.4139550821685061,0.5241936635303188,0.06185125430117506
20260819,background_equal,DNMT3A,17337,151.00334139166176,0.47136182730576226,0.41898829093845535,0.46899694295437505,0.11201476610716964
20260819,background_equal,TET2,7986,138.0526171162585,0.5458302028549963,0.43839218632607063,0.3673929376408715,0.19421487603305784
20260819,background_equal,ASXL1,1200,140.4772011660951,0.5375,0.44166666666666665,0.37666666666666665,0.18166666666666667
20260819,background_equal,JAK2,3438,136.91549935140887,0.5520651541593949,0.44386271087841767,0.3612565445026178,0.1948807446189645
20260820,null,Global,100000,156.27003367518972,0.44127,0.41509,0.52314,0.06177
20260820,null,No CHIP,69925,156.44608014974435,0.44220235967107613,0.4162030747229174,0.5226027887021809,0.06119413657490168
20260820,null,DNMT3A,17395,155.80675142647445,0.43874676631215864,0.4105202644438057,0.5262431733256683,0.06323656223052601
20260820,null,TET2,7828,154.62767480822808,0.4380429228410833,0.41504854368932037,0.5231221257026061,0.06182933060807358
20260820,null,ASXL1,1330,158.9396175941303,0.4255639097744361,0.4045112781954887,0.5375939849624061,0.05789473684210526
20260820,null,JAK2,3522,158.00151014295574,0.44832481544576946,0.4196479273140261,0.513060760931289,0.06729131175468483
20260820,cardiac,Global,100000,154.47957791782636,0.45944,0.43219,0.50667,0.06114
20260820,cardiac,No CHIP,69925,156.44608014974435,0.44220235967107613,0.4162030747229174,0.5226027887021809,0.06119413657490168
20260820,cardiac,DNMT3A,17395,153.02575025483264,0.4699051451566542,0.4398390342052314,0.4976142569703938,0.06254670882437482
20260820,cardiac,TET2,7828,144.8298189506087,0.5352580480327032,0.506004087889627,0.4362544711292795,0.05774144098109351
20260820,cardiac,ASXL1,1330,148.86047723978237,0.5338345864661654,0.5045112781954887,0.43909774436090226,0.05639097744360902
20260820,cardiac,JAK2,3522,148.277108744128,0.5533787620670074,0.520442930153322,0.41709256104486087,0.06246450880181715
20260820,brain_half,Global,100000,153.66253526657994,0.45159,0.42504,0.51404,0.06092
20260820,brain_half,No CHIP,69925,156.44608014974435,0.44220235967107613,0.4162030747229174,0.5226027887021809,0.06119413657490168
20260820,brain_half,DNMT3A,17395,151.93004421197864,0.45645300373670594,0.4275941362460477,0.5100891060649612,0.06231675768899109
20260820,brain_half,TET2,7828,140.97662875189826,0.4922074603985692,0.4667858967807869,0.476877874297394,0.05633622892181911
20260820,brain_half,ASXL1,1330,144.67272312159236,0.4864661654135338,0.4616541353383459,0.48345864661654137,0.05488721804511278
20260820,brain_half,JAK2,3522,144.10198233438445,0.5105053946621237,0.48126064735945484,0.45769449176604204,0.06104486087450312
20260820,brain_equal,Global,100000,152.63141086420478,0.44286,0.4171,0.52235,0.06055
20260820,brain_equal,No CHIP,69925,156.44608014974435,0.44220235967107613,0.4162030747229174,0.5226027887021809,0.06119413657490168
20260820,brain_equal,DNMT3A,17395,150.13040843936537,0.4409313020983041,0.4132796780684105,0.5250359298649037,0.06168439206668583
20260820,brain_equal,TET2,7828,136.06971709703205,0.44724067450178845,0.42616249361267244,0.5196729688298416,0.054164537557485945
20260820,brain_equal,ASXL1,1330,139.72667492373748,0.4323308270676692,0.4112781954887218,0.5345864661654135,0.05413533834586466
20260820,brain_equal,JAK2,3522,139.1580026337049,0.4596819988642817,0.435831913685406,0.5053946621237932,0.05877342419080068
20260820,brain_double,Global,100000,150.1574581327999,0.42633,0.40177,0.5385,0.05973
20260820,brain_double,No CHIP,69925,156.44608014974435,0.44220235967107613,0.4162030747229174,0.5226027887021809,0.06119413657490168
20260820,brain_double,DNMT3A,17395,146.58418386518684,0.41189997125610806,0.3868927852831273,0.5529175050301811,0.06018970968669158
20260820,brain_double,TET2,7828,126.06062700559247,0.36075625958099133,0.34555442003065917,0.6039856923863056,0.05045988758303526
20260820,brain_double,ASXL1,1330,127.53336102857233,0.3451127819548872,0.32781954887218046,0.6233082706766917,0.04887218045112782
20260820,brain_double,JAK2,3522,128.97674329589697,0.3588869960249858,0.3415672913117547,0.6053378762067008,0.05309483248154458
20260820,background_equal,Global,100000,152.75067844908972,0.45944,0.41872,0.49429,0.08699
20260820,background_equal,No CHIP,69925,156.44608014974435,0.44220235967107613,0.4162030747229174,0.5226027887021809,0.06119413657490168
20260820,background_equal,DNMT3A,17395,150.27867143396006,0.4699051451566542,0.41839609083069845,0.47220465651049154,0.10939925265881001
20260820,background_equal,TET2,7828,136.98782915708608,0.5352580480327032,0.4325498211548288,0.37493612672457843,0.19251405212059275
20260820,background_equal,ASXL1,1330,140.24326628258774,0.5338345864661654,0.43533834586466164,0.36390977443609024,0.20075187969924813
20260820,background_equal,JAK2,3522,139.55868237466134,0.5533787620670074,0.4332765474162408,0.35576377058489494,0.21095968199886428
20260821,null,Global,100000,156.18384896197813,0.43957,0.41301,0.52492,0.06207
20260821,null,No CHIP,69860,156.0746224216926,0.4412682507872889,0.4147437732608073,0.5234039507586602,0.061852275980532494
20260821,null,DNMT3A,17466,156.78703164271604,0.4349020954998282,0.4086224665063552,0.5289705713958548,0.062406962097789995
20260821,null,TET2,7886,155.64769201456352,0.4339335531321329,0.4057823991884352,0.5310677149378645,0.06314988587370023
20260821,null,ASXL1,1300,155.532346015833,0.4453846153846154,0.42,0.5161538461538462,0.06384615384615384
20260821,null,JAK2,3488,156.58140400349788,0.43950688073394495,0.4139908256880734,0.5243692660550459,0.06163990825688073
20260821,cardiac,Global,100000,154.36869184928827,0.45742,0.4299,0.50854,0.06156
20260821,cardiac,No CHIP,69860,156.0746224216926,0.4412682507872889,0.4147437732608073,0.5234039507586602,0.061852275980532494
20260821,cardiac,DNMT3A,17466,154.32636916278742,0.46358639642734456,0.4352456200618344,0.5031489751517233,0.06160540478644223
20260821,cardiac,TET2,7886,146.19297735892798,0.5343646969312706,0.5011412629977174,0.43811818412376363,0.06074055287851889
20260821,cardiac,ASXL1,1300,145.77822354740618,0.5523076923076923,0.52,0.4207692307692308,0.05923076923076923
20260821,cardiac,JAK2,3488,146.50045678165242,0.5407110091743119,0.5120412844036697,0.4297591743119266,0.05819954128440367
20260821,brain_half,Global,100000,153.57177039680778,0.44972,0.42275,0.51583,0.06142
20260821,brain_half,No CHIP,69860,156.0746224216926,0.4412682507872889,0.4147437732608073,0.5234039507586602,0.061852275980532494
20260821,brain_half,DNMT3A,17466,152.93400423932252,0.4519065613191343,0.42459635863964273,0.5140845070422535,0.06131913431810374
20260821,brain_half,TET2,7886,141.87744218323428,0.49048947501902107,0.4600557950798884,0.47983768704032465,0.060106517879786964
20260821,brain_half,ASXL1,1300,141.75932024038894,0.4976923076923077,0.4715384615384615,0.47,0.05846153846153846
20260821,brain_half,JAK2,3488,142.36814913565337,0.49799311926605505,0.4713302752293578,0.4713302752293578,0.05733944954128441
20260821,brain_equal,Global,100000,152.5594985380843,0.44124,0.41498,0.52407,0.06095
20260821,brain_equal,No CHIP,69860,156.0746224216926,0.4412682507872889,0.4147437732608073,0.5234039507586602,0.061852275980532494
20260821,brain_equal,DNMT3A,17466,151.07375891213974,0.43816557883888696,0.4124584907820909,0.5272529485858238,0.060288560632085195
20260821,brain_equal,TET2,7886,137.02942798683603,0.4419223941161552,0.414912503170175,0.5271366979457266,0.0579507988840984
20260821,brain_equal,ASXL1,1300,137.38532884762716,0.45153846153846156,0.42923076923076925,0.5123076923076924,0.05846153846153846
20260821,brain_equal,JAK2,3488,137.61986708263936,0.4506880733944954,0.4271788990825688,0.5189220183486238,0.05389908256880734
20260821,brain_double,Global,100000,150.05211003215646,0.42424,0.39943,0.54032,0.06025
20260821,brain_double,No CHIP,69860,156.0746224216926,0.4412682507872889,0.4147437732608073,0.5234039507586602,0.061852275980532494
20260821,brain_double,DNMT3A,17466,147.39854294976942,0.40667582732165347,0.38411771441658077,0.5570823313866942,0.05879995419672507
20260821,brain_double,TET2,7886,127.13533359554559,0.3502409332995181,0.331473497337053,0.6133654577732691,0.05516104488967791
20260821,brain_double,ASXL1,1300,126.25544969697589,0.37,0.35307692307692307,0.5923076923076923,0.054615384615384614
20260821,brain_double,JAK2,3488,127.44256067006113,0.35865825688073394,0.34030963302752293,0.6106651376146789,0.04902522935779816
20260821,background_equal,Global,100000,152.64997964443268,0.45742,0.41652,0.49529,0.08819
20260821,background_equal,No CHIP,69860,156.0746224216926,0.4412682507872889,0.4147437732608073,0.5234039507586602,0.061852275980532494
20260821,background_equal,DNMT3A,17466,151.19252847084357,0.46358639642734456,0.41308828581243556,0.4744074201305393,0.11250429405702508
20260821,background_equal,TET2,7886,137.93242403453237,0.5343646969312706,0.42531067714937865,0.37382703525234595,0.20086228759827543
20260821,background_equal,ASXL1,1300,138.6829286647329,0.5523076923076923,0.44076923076923075,0.35,0.20923076923076922
20260821,background_equal,JAK2,3488,139.0761867792105,0.5407110091743119,0.44036697247706424,0.3655389908256881,0.1940940366972477
20260822,null,Global,100000,156.05639608807851,0.43996,0.41294,0.5247,0.06236
20260822,null,No CHIP,70097,156.10541595726943,0.44009016077720875,0.4128279384281781,0.5249868040001712,0.062185257571650714
20260822,null,DNMT3A,17072,155.63897310716862,0.43451265229615743,0.40674789128397376,0.5291119962511716,0.06414011246485474
20260822,null,TET2,8074,156.8034824641776,0.4477334654446371,0.4222194699033936,0.5141193955907852,0.06366113450582116
20260822,null,ASXL1,1264,158.23100180106002,0.44936708860759494,0.42563291139240506,0.5174050632911392,0.056962025316455694
20260822,null,JAK2,3493,154.81385800461055,0.442599484683653,0.4194102490695677,0.5244775264815345,0.056112224448897796
20260822,cardiac,Global,100000,154.14306316538307,0.45836,0.43046,0.50784,0.0617
20260822,cardiac,No CHIP,70097,156.10541595726943,0.44009016077720875,0.4128279384281781,0.5249868040001712,0.062185257571650714
20260822,cardiac,DNMT3A,17072,153.19612455146367,0.4653819119025305,0.4353912839737582,0.5014058106841612,0.0632029053420806
20260822,cardiac,TET2,8074,146.2447518711365,0.553133514986376,0.5224176368590537,0.41800842209561556,0.05957394104533069
20260822,cardiac,ASXL1,1264,148.05631828733493,0.5419303797468354,0.5142405063291139,0.43037974683544306,0.055379746835443035
20260822,cardiac,JAK2,3493,145.78488149111212,0.5413684511880905,0.5173203549957057,0.4308617234468938,0.05181792155740052
20260822,brain_half,Global,100000,153.308551264537,0.45042,0.42324,0.51524,0.06152
20260822,brain_half,No CHIP,70097,156.10541595726943,0.44009016077720875,0.4128279384281781,0.5249868040001712,0.062185257571650714
20260822,brain_half,DNMT3A,17072,151.8534472747005,0.4540182755388941,0.42543345829428303,0.5115979381443299,0.06296860356138706
20260822,brain_half,TET2,8074,142.28681446812865,0.5052018825860788,0.4783254892246718,0.46296755016101065,0.058706960614317565
20260822,brain_half,ASXL1,1264,143.72871947428615,0.5039556962025317,0.4802215189873418,0.46439873417721517,0.055379746835443035
20260822,brain_half,JAK2,3493,140.89928172739397,0.4941311193816204,0.4735184655024334,0.47666762095619813,0.04981391354136845
20260822,brain_equal,Global,100000,152.15513298405446,0.44174,0.41513,0.52366,0.06121
20260822,brain_equal,No CHIP,70097,156.10541595726943,0.44009016077720875,0.4128279384281781,0.5249868040001712,0.062185257571650714
20260822,brain_equal,DNMT3A,17072,149.95245948194832,0.43791002811621366,0.41067244611059045,0.5269447047797563,0.062382849109653235
20260822,brain_equal,TET2,8074,137.52432946379332,0.45677483279663117,0.4333663611592767,0.5092890760465693,0.05734456279415408
20260822,brain_equal,ASXL1,1264,138.66060674117486,0.46044303797468356,0.4375,0.5087025316455697,0.05379746835443038
20260822,brain_equal,JAK2,3493,135.891051751697,0.452046951044947,0.43286573146292584,0.5196106498711709,0.04752361866590323
20260822,brain_double,Global,100000,149.54892468613417,0.42389,0.39845,0.54095,0.0606
20260822,brain_double,No CHIP,70097,156.10541595726943,0.44009016077720875,0.4128279384281781,0.5249868040001712,0.062185257571650714
20260822,brain_double,DNMT3A,17072,146.22028353054435,0.4065721649484536,0.38144329896907214,0.5575210871602624,0.06103561387066542
20260822,brain_double,TET2,8074,127.95232226988784,0.357195937577409,0.3397324746098588,0.6062670299727521,0.054000495417389154
20260822,brain_double,ASXL1,1264,127.67480190124195,0.3528481012658228,0.33939873417721517,0.6083860759493671,0.05221518987341772
20260822,brain_double,JAK2,3493,126.82507131825503,0.3632980246206699,0.3501288290867449,0.6049241339822502,0.044947036931004866
20260822,background_equal,Global,100000,152.27034133230717,0.45836,0.41693,0.49489,0.08818
20260822,background_equal,No CHIP,70097,156.10541595726943,0.44009016077720875,0.4128279384281781,0.5249868040001712,0.062185257571650714
20260822,background_equal,DNMT3A,17072,149.84719714873302,0.4653819119025305,0.4147141518275539,0.47311387066541705,0.11217197750702905
20260822,background_equal,TET2,8074,137.43587492456874,0.553133514986376,0.4425315828585583,0.3543472875897944,0.20312112955164727
20260822,background_equal,ASXL1,1264,139.0312023376795,0.5419303797468354,0.4375,0.370253164556962,0.19224683544303797
20260822,background_equal,JAK2,3493,138.14911945347896,0.5413684511880905,0.4434583452619525,0.36730604065273403,0.18923561408531347
20260823,null,Global,100000,156.08883024981043,0.44022,0.41298,0.52567,0.06135
20260823,null,No CHIP,70127,155.80845654893363,0.44057210489540405,0.4131789467680066,0.5257033667488984,0.06111768648309496
20260823,null,DNMT3A,16981,157.00087552804496,0.44255344208232733,0.4158765679288617,0.5218773923797185,0.06224603969141982
20260823,null,TET2,8000,156.71125595572028,0.43625,0.411125,0.52975,0.059125
20260823,null,ASXL1,1394,158.08339100793697,0.4081779053084649,0.3830703012912482,0.5588235294117647,0.05810616929698709
20260823,null,JAK2,3498,154.9224459351343,0.44368210405946257,0.41109205260148657,0.5208690680388793,0.06803887935963408
20260823,cardiac,Global,100000,154.26124268515952,0.45925,0.43086,0.50842,0.06072
20260823,cardiac,No CHIP,70127,155.80845654893363,0.44057210489540405,0.4131789467680066,0.5257033667488984,0.06111768648309496
20260823,cardiac,DNMT3A,16981,154.32786885708438,0.47299923443849007,0.4442023437960073,0.49419939932866147,0.061598256875331256
20260823,cardiac,TET2,8000,146.85325163796563,0.544,0.512,0.43275,0.05525
20260823,cardiac,ASXL1,1394,149.00072307013556,0.5265423242467718,0.4964131994261119,0.45050215208034433,0.05308464849354376
20260823,cardiac,JAK2,3498,145.42988470654075,0.5463121783876501,0.5088622069754145,0.42710120068610635,0.06403659233847914
20260823,brain_half,Global,100000,153.34859960333438,0.45119,0.42357,0.51593,0.0605
20260823,brain_half,No CHIP,70127,155.80845654893363,0.44057210489540405,0.4131789467680066,0.5257033667488984,0.06111768648309496
20260823,brain_half,DNMT3A,16981,153.1455166175291,0.460161356810553,0.4326011424533302,0.50597726871209,0.06142158883457982
20260823,brain_half,TET2,8000,143.0407875384327,0.497625,0.47025,0.475375,0.054375
20260823,brain_half,ASXL1,1394,143.71200374269029,0.47919655667144906,0.4519368723098996,0.4964131994261119,0.05164992826398852
20260823,brain_half,JAK2,3498,141.49560448209905,0.5031446540880503,0.4699828473413379,0.4688393367638651,0.061177815894797025
20260823,brain_equal,Global,100000,152.29600824368293,0.44184,0.41501,0.52479,0.0602
20260823,brain_equal,No CHIP,70127,155.80845654893363,0.44057210489540405,0.4131789467680066,0.5257033667488984,0.06111768648309496
20260823,brain_equal,DNMT3A,16981,151.36953689272727,0.44514457334668156,0.41864436723396736,0.520464048053707,0.06089158471232554
20260823,brain_equal,TET2,8000,137.78907132935683,0.44475,0.4225,0.524875,0.052625
20260823,brain_equal,ASXL1,1394,138.18616624014044,0.41893830703012913,0.39741750358680056,0.5516499282639885,0.050932568149210905
20260823,brain_equal,JAK2,3498,136.93982050377602,0.45368782161234994,0.42395654659805604,0.5165809033733562,0.05946255002858777
20260823,brain_double,Global,100000,149.83591836183479,0.42546,0.3998,0.54078,0.05942
20260823,brain_double,No CHIP,70127,155.80845654893363,0.44057210489540405,0.4131789467680066,0.5257033667488984,0.06111768648309496
20260823,brain_double,DNMT3A,16981,147.73750414763327,0.4179965844178788,0.39338083740651314,0.5470231435133385,0.0595960190801484
20260823,brain_double,TET2,8000,127.49125281012962,0.35,0.33375,0.6175,0.04875
20260823,brain_double,ASXL1,1394,126.90335261032482,0.3350071736011478,0.31922525107604016,0.6341463414634146,0.046628407460545196
20260823,brain_double,JAK2,3498,126.22667151656583,0.3673527730131504,0.34591194968553457,0.6000571755288736,0.054030874785591765
20260823,background_equal,Global,100000,152.45067162855037,0.45925,0.41733,0.49512,0.08755
20260823,background_equal,No CHIP,70127,155.80845654893363,0.44057210489540405,0.4131789467680066,0.5257033667488984,0.06111768648309496
20260823,background_equal,DNMT3A,16981,151.13936595176503,0.47299923443849007,0.42064660502915024,0.46634473823685296,0.11300865673399682
20260823,background_equal,TET2,8000,138.97054597547185,0.544,0.434625,0.368,0.197375
20260823,background_equal,ASXL1,1394,140.19003679814924,0.5265423242467718,0.42395982783357244,0.3751793400286944,0.20086083213773315
20260823,background_equal,JAK2,3498,136.95973377223493,0.5463121783876501,0.4422527158376215,0.3602058319039451,0.1975414522584334
20260824,null,Global,100000,156.3704949243339,0.43903,0.41222,0.52647,0.06131
20260824,null,No CHIP,69814,156.63804860434547,0.4402841836880855,0.41398573352049733,0.525238490847108,0.06077577563239465
20260824,null,DNMT3A,17369,155.54663594665257,0.4333582819966607,0.4048592319649951,0.5323852841268928,0.06275548390811216
20260824,null,TET2,8068,156.4550459208844,0.43604362915220624,0.408155676747645,0.5276400594942985,0.06420426375805652
20260824,null,ASXL1,1279,161.48615861456756,0.4472243940578577,0.4190774042220485,0.5199374511336982,0.06098514464425332
20260824,null,JAK2,3470,154.26531455808674,0.44610951008645533,0.42046109510086455,0.5213256484149856,0.05821325648414986
20260824,cardiac,Global,100000,154.50467545173075,0.45754,0.42964,0.50983,0.06053
20260824,cardiac,No CHIP,69814,156.63804860434547,0.4402841836880855,0.41398573352049733,0.525238490847108,0.06077577563239465
20260824,cardiac,DNMT3A,17369,152.88338499062752,0.4647935977891646,0.43433703725027345,0.5041741032874661,0.06148885946226035
20260824,cardiac,TET2,8068,146.3835438679268,0.5402825979176995,0.5053296975706495,0.434680218145761,0.05999008428358949
20260824,cardiac,ASXL1,1279,150.65244547474762,0.5449569976544175,0.5121188428459734,0.4300234558248632,0.05785770132916341
20260824,cardiac,JAK2,3470,144.35483855904755,0.5438040345821326,0.5146974063400577,0.4322766570605187,0.05302593659942363
20260824,brain_half,Global,100000,153.61433580715558,0.44912,0.42206,0.51771,0.06023
20260824,brain_half,No CHIP,69814,156.63804860434547,0.4402841836880855,0.41398573352049733,0.525238490847108,0.06077577563239465
20260824,brain_half,DNMT3A,17369,151.6414892148133,0.45137889343082505,0.42253440036847256,0.5162646093615061,0.0612009902700213
20260824,brain_half,TET2,8068,142.5904172649857,0.49380267724343085,0.46343579573624194,0.4784333168071393,0.05813088745661874
20260824,brain_half,ASXL1,1279,146.2977358516369,0.4941360437842064,0.4659890539483972,0.4792806880375293,0.054730258014073496
20260824,brain_half,JAK2,3470,140.5311067843097,0.49510086455331415,0.4697406340057637,0.4789625360230548,0.051296829971181554
20260824,brain_equal,Global,100000,152.3583777947195,0.44086,0.41445,0.52572,0.05983
20260824,brain_equal,No CHIP,69814,156.63804860434547,0.4402841836880855,0.41398573352049733,0.525238490847108,0.06077577563239465
20260824,brain_equal,DNMT3A,17369,149.95672132310796,0.43669756462663367,0.40883182681789393,0.530773216650354,0.06039495653175197
20260824,brain_equal,TET2,8068,137.5168305672732,0.44558750619732274,0.4195587506197323,0.5247892910262767,0.055651958353991074
20260824,brain_equal,ASXL1,1279,140.70521140131203,0.4581704456606724,0.4323690383111806,0.5144644253322909,0.053166536356528536
20260824,brain_equal,JAK2,3470,135.784481551251,0.4559077809798271,0.4334293948126801,0.5164265129682997,0.05014409221902017
20260824,brain_double,Global,100000,149.8056767677504,0.42315,0.39824,0.5427,0.05906
20260824,brain_double,No CHIP,69814,156.63804860434547,0.4402841836880855,0.41398573352049733,0.525238490847108,0.06077577563239465
20260824,brain_double,DNMT3A,17369,146.4997287634024,0.4037077551960389,0.37889343082503313,0.5619782370890667,0.05912833208590017
20260824,brain_double,TET2,8068,127.1883242779897,0.3513882002974715,0.33403569657907783,0.6150223103619237,0.05094199305899851
20260824,brain_double,ASXL1,1279,129.68276751187042,0.35809225957779517,0.3385457388584832,0.6114151681000782,0.05003909304143862
20260824,brain_double,JAK2,3470,125.91890561220065,0.3665706051873199,0.3495677233429395,0.6040345821325649,0.04639769452449568
20260824,background_equal,Global,100000,152.48345327605628,0.45754,0.41593,0.49641,0.08766
20260824,background_equal,No CHIP,69814,156.63804860434547,0.4402841836880855,0.41398573352049733,0.525238490847108,0.06077577563239465
20260824,background_equal,DNMT3A,17369,149.67381916411134,0.4647935977891646,0.41188324025562784,0.47446600264839656,0.1136507570959756
20260824,background_equal,TET2,8068,138.15621040332732,0.5402825979176995,0.4293505205751115,0.3689885969261279,0.20166088249876055
20260824,background_equal,ASXL1,1279,139.54082317218177,0.5449569976544175,0.4284597341673182,0.3721657544956998,0.19937451133698203
20260824,background_equal,JAK2,3470,136.45677214583503,0.5438040345821326,0.43948126801152737,0.368299711815562,0.19221902017291068
20260825,null,Global,100000,156.62125081199798,0.43995,0.4141,0.52445,0.06145
20260825,null,No CHIP,69994,156.45505003449733,0.43880904077492355,0.4129068205846215,0.5256021944738121,0.06149098494156642
20260825,null,DNMT3A,17164,157.86264973087066,0.44109764623630854,0.4149965043113493,0.5221976229317176,0.06280587275693311
20260825,null,TET2,8006,156.04930129869086,0.44291781164126903,0.4189357981513865,0.5213589807644267,0.05970522108418686
20260825,null,ASXL1,1355,158.14460423534666,0.45092250922509225,0.4280442804428044,0.5180811808118081,0.05387453874538745
20260825,null,JAK2,3481,155.13975242004412,0.4461361677678828,0.4171215168055157,0.5219764435507038,0.06090203964378052
20260825,cardiac,Global,100000,154.72361190837876,0.45807,0.43143,0.50778,0.06079
20260825,cardiac,No CHIP,69994,156.45505003449733,0.43880904077492355,0.4129068205846215,0.5256021944738121,0.06149098494156642
20260825,cardiac,DNMT3A,17164,155.11212194290204,0.47244232113726403,0.4445350734094617,0.49341645304124915,0.06204847354928921
20260825,cardiac,TET2,8006,145.1575569880339,0.5455908068948289,0.5177366974768923,0.426929802648014,0.05533349987509368
20260825,cardiac,ASXL1,1355,148.11216452436435,0.5505535055350553,0.522509225092251,0.42583025830258303,0.05166051660516605
20260825,cardiac,JAK2,3481,144.48814375586468,0.537201953461649,0.5053145647802356,0.4380925021545533,0.05659293306521115
20260825,brain_half,Global,100000,153.91931738494037,0.45003,0.42393,0.51549,0.06058
20260825,brain_half,No CHIP,69994,156.45505003449733,0.43880904077492355,0.4129068205846215,0.5256021944738121,0.06149098494156642
20260825,brain_half,DNMT3A,17164,154.03566544511193,0.46009088790491726,0.43329060824982524,0.5049522255884409,0.061757166161733865
20260825,brain_half,TET2,8006,141.8351748754171,0.49887584311766175,0.4731451411441419,0.47277042218336246,0.05408443667249563
20260825,brain_half,ASXL1,1355,143.75076240857072,0.5033210332103321,0.4782287822878229,0.4708487084870849,0.05092250922509225
20260825,brain_half,JAK2,3481,140.77517373576075,0.49296179258833667,0.4650962367135881,0.47974719908072394,0.05515656420568802
20260825,brain_equal,Global,100000,152.81199620524995,0.44144,0.41593,0.52392,0.06015
20260825,brain_equal,No CHIP,69994,156.45505003449733,0.43880904077492355,0.4129068205846215,0.5256021944738121,0.06149098494156642
20260825,brain_equal,DNMT3A,17164,152.0491858058046,0.44401072011186205,0.4183174085294803,0.5208576089489629,0.06082498252155675
20260825,brain_equal,TET2,8006,136.8208193724344,0.4515363477391956,0.4294279290532101,0.5188608543592306,0.05171121658755933
20260825,brain_equal,ASXL1,1355,139.24147067917937,0.46051660516605164,0.43763837638376385,0.5121771217712177,0.05018450184501845
20260825,brain_equal,JAK2,3481,135.93713754833377,0.4510198218902614,0.4254524561907498,0.5214018960068946,0.053145647802355644
20260825,brain_double,Global,100000,150.3297992174676,0.42383,0.39972,0.54091,0.05937
20260825,brain_double,No CHIP,69994,156.45505003449733,0.43880904077492355,0.4129068205846215,0.5256021944738121,0.06149098494156642
20260825,brain_double,DNMT3A,17164,148.55604982783439,0.4110347238405966,0.38825448613376834,0.5524353297599627,0.05931018410626893
20260825,brain_double,TET2,8006,127.39290589027468,0.358356232825381,0.34324256807394454,0.6094179365475894,0.04733949537846615
20260825,brain_double,ASXL1,1355,129.957311866154,0.3586715867158672,0.34317343173431736,0.6103321033210332,0.04649446494464945
20260825,brain_double,JAK2,3481,126.52613019632194,0.361677678827923,0.3430048836541224,0.6072967538063775,0.04969836253950014
20260825,background_equal,Global,100000,152.8773246276222,0.45807,0.41752,0.49457,0.08791
20260825,background_equal,No CHIP,69994,156.45505003449733,0.43880904077492355,0.4129068205846215,0.5256021944738121,0.06149098494156642
20260825,background_equal,DNMT3A,17164,152.0139477072541,0.47244232113726403,0.42058960615241203,0.4651596364483803,0.11425075739920765
20260825,background_equal,TET2,8006,137.66671627071187,0.5455908068948289,0.44066949787659254,0.364101923557332,0.19522857856607545
20260825,background_equal,ASXL1,1355,140.56986008023648,0.5505535055350553,0.44059040590405907,0.36088560885608856,0.1985239852398524
20260825,background_equal,JAK2,3481,137.67921640996187,0.537201953461649,0.43292157426027006,0.36771042803792015,0.19936799770180982
20260826,null,Global,100000,156.27261414461026,0.44272,0.41567,0.52205,0.06228
20260826,null,No CHIP,69915,155.8686608222555,0.441521847958235,0.4141600514910963,0.5230351140670815,0.06280483444182221
20260826,null,DNMT3A,17339,157.70824069225688,0.4461618317088644,0.42043947171117135,0.5192917699982698,0.06026875829055885
20260826,null,TET2,7975,156.9408105050187,0.4430094043887147,0.41642633228840126,0.5218808777429467,0.06169278996865204
20260826,null,ASXL1,1297,152.76281261650757,0.4656900539707016,0.4402467232074017,0.5073245952197378,0.052428681572860444
20260826,null,JAK2,3474,155.58807355743713,0.44041450777202074,0.4113413932066782,0.5218767990788716,0.0667818077144502
20260826,cardiac,Global,100000,154.40756188008146,0.46178,0.43365,0.5046,0.06175
20260826,cardiac,No CHIP,69915,155.8686608222555,0.441521847958235,0.4141600514910963,0.5230351140670815,0.06280483444182221
20260826,cardiac,DNMT3A,17339,155.01406571638213,0.4784012918853452,0.45089105484745373,0.4896476152027222,0.059461329949824095
20260826,cardiac,TET2,7975,146.93187316816363,0.5455799373040753,0.5126018808777429,0.4288401253918495,0.05855799373040752
20260826,cardiac,ASXL1,1297,142.66570529892132,0.566692367000771,0.5335389360061681,0.41480339244410175,0.051657671549730146
20260826,cardiac,JAK2,3474,144.1884132269758,0.5549798503166379,0.5213010938399539,0.41565918249856076,0.06303972366148532
20260826,brain_half,Global,100000,153.54646016603897,0.45356,0.42606,0.51239,0.06155
20260826,brain_half,No CHIP,69915,155.8686608222555,0.441521847958235,0.4141600514910963,0.5230351140670815,0.06280483444182221
20260826,brain_half,DNMT3A,17339,153.80061836879003,0.464098275563758,0.4376838341311494,0.5030278562777554,0.05928830959109522
20260826,brain_half,TET2,7975,142.84618521397516,0.5019435736677116,0.47260188087774296,0.46996865203761756,0.0574294670846395
20260826,brain_half,ASXL1,1297,138.71889643007074,0.5250578257517348,0.49653045489591363,0.4533538936006168,0.05011565150346955
20260826,brain_half,JAK2,3474,140.68152546743937,0.5054691997697179,0.4743811168681635,0.4643062751871042,0.0613126079447323
20260826,brain_equal,Global,100000,152.40132170568614,0.44436,0.41758,0.5212,0.06122
20260826,brain_equal,No CHIP,69915,155.8686608222555,0.441521847958235,0.4141600514910963,0.5230351140670815,0.06280483444182221
20260826,brain_equal,DNMT3A,17339,151.86849527519135,0.44898783090143607,0.42361151162120075,0.5177922602226195,0.05859622815617971
20260826,brain_equal,TET2,7975,137.90054256586768,0.4522884012539185,0.4270846394984326,0.517115987460815,0.05579937304075235
20260826,brain_equal,ASXL1,1297,134.35653292087514,0.47494217424826524,0.4494988434849653,0.5003855050115652,0.05011565150346955
20260826,brain_equal,JAK2,3474,136.52391726088632,0.448762233736327,0.42256764536557284,0.5184225676453655,0.0590097869890616
20260826,brain_double,Global,100000,149.88795836745652,0.42721,0.40166,0.5379,0.06044
20260826,brain_double,No CHIP,69915,155.8686608222555,0.441521847958235,0.4141600514910963,0.5230351140670815,0.06280483444182221
20260826,brain_double,DNMT3A,17339,148.03156804864173,0.41819020704769594,0.39523617278966494,0.5479554760943538,0.056808351115981315
20260826,brain_double,TET2,7975,127.43596512467236,0.3581191222570533,0.3393103448275862,0.6090282131661442,0.05166144200626959
20260826,brain_double,ASXL1,1297,125.73965384231116,0.3700848111025443,0.3508095605242868,0.6013878180416345,0.047802621434078645
20260826,brain_double,JAK2,3474,126.16861490512747,0.3641335636154289,0.34427173287276913,0.5998848589522164,0.055843408175014396
20260826,background_equal,Global,100000,152.64670761978965,0.46178,0.41991,0.49156,0.08853
20260826,background_equal,No CHIP,69915,155.8686608222555,0.441521847958235,0.4141600514910963,0.5230351140670815,0.06280483444182221
20260826,background_equal,DNMT3A,17339,151.8383831568051,0.4784012918853452,0.42874444893015745,0.4620220312590115,0.10923351981083107
20260826,background_equal,TET2,7975,138.96649569631822,0.5455799373040753,0.4374921630094044,0.36401253918495297,0.19849529780564262
20260826,background_equal,ASXL1,1297,136.97101758033156,0.566692367000771,0.4579799537393986,0.3508095605242868,0.19121048573631458
20260826,background_equal,JAK2,3474,137.50468534185234,0.5549798503166379,0.4369602763385147,0.3508923431203224,0.21214738054116292
20260827,null,Global,100000,156.43874977765384,0.43892,0.41236,0.52504,0.0626
20260827,null,No CHIP,69898,156.70905016190102,0.4401556553835589,0.41290165669976253,0.5243497668030559,0.0627485764971816
20260827,null,DNMT3A,17294,155.9346774204663,0.434370301838788,0.40898577541343817,0.5281600555105816,0.06285416907598011
20260827,null,TET2,8034,155.273580470173,0.4345282549166044,0.4100074682598954,0.528503858600946,0.061488673139158574
20260827,null,ASXL1,1333,161.93324524281945,0.4441110277569392,0.42085521380345087,0.5198799699924981,0.05926481620405101
20260827,null,JAK2,3441,153.06947909843032,0.44492879976750943,0.4205172914850334,0.5172914850334205,0.062191223481546064
20260827,cardiac,Global,100000,154.60752249225422,0.45721,0.42949,0.50842,0.06209
20260827,cardiac,No CHIP,69898,156.70905016190102,0.4401556553835589,0.41290165669976253,0.5243497668030559,0.0627485764971816
20260827,cardiac,DNMT3A,17294,153.3147235627162,0.4638024748467677,0.4364519486527119,0.5014455880652249,0.06210246328206314
20260827,cardiac,TET2,8034,145.24154240063297,0.5367189444859348,0.5059746079163555,0.43515060990789145,0.05887478217575305
20260827,cardiac,ASXL1,1333,149.5646150906005,0.5521380345086272,0.5213803450862715,0.423105776444111,0.0555138784696174
20260827,cardiac,JAK2,3441,143.98909116999266,0.5480964835803546,0.5172914850334205,0.4240046498111014,0.05870386515547806
20260827,brain_half,Global,100000,153.80973009003424,0.44963,0.4226,0.51556,0.06184
20260827,brain_half,No CHIP,69898,156.70905016190102,0.4401556553835589,0.41290165669976253,0.5243497668030559,0.0627485764971816
20260827,brain_half,DNMT3A,17294,152.23621240731137,0.45229559384757717,0.4261593616283104,0.5122007632704985,0.06163987510119116
20260827,brain_half,TET2,8034,141.64255109503128,0.4921583271097834,0.4653970624844411,0.47697286532237987,0.05763007219317899
20260827,brain_half,ASXL1,1333,145.7881367377966,0.5093773443360841,0.4838709677419355,0.4628657164291073,0.05326331582895724
20260827,brain_half,JAK2,3441,139.7311242505037,0.5062481836675385,0.4780587038651555,0.46439988375472246,0.05754141238012206
20260827,brain_equal,Global,100000,152.6639194373696,0.44061,0.41431,0.52433,0.06136
20260827,brain_equal,No CHIP,69898,156.70905016190102,0.4401556553835589,0.41290165669976253,0.5243497668030559,0.0627485764971816
20260827,brain_equal,DNMT3A,17294,150.31943385186563,0.4367988897883659,0.41187695154388804,0.5272927026714468,0.0608303457846652
20260827,brain_equal,TET2,8034,136.71230895251483,0.4443614637789395,0.4210853871048046,0.5237739606671645,0.05514065222803087
20260827,brain_equal,ASXL1,1333,142.2715480141703,0.4508627156789197,0.4298574643660915,0.5191297824456114,0.05101275318829707
20260827,brain_equal,JAK2,3441,134.9419646747363,0.4562627143272305,0.43330427201394944,0.5123510607381575,0.05434466724789305
20260827,brain_double,Global,100000,150.1680900562454,0.42391,0.39885,0.54064,0.06051
20260827,brain_double,No CHIP,69898,156.70905016190102,0.4401556553835589,0.41290165669976253,0.5243497668030559,0.0627485764971816
20260827,brain_double,DNMT3A,17294,146.67939686900624,0.40754018734821323,0.3849311900080953,0.5559731698855094,0.05909564010639528
20260827,brain_double,TET2,8034,126.56735207413332,0.35660941000746826,0.33980582524271846,0.6099078914612895,0.05028628329599203
20260827,brain_double,ASXL1,1333,131.10932854252195,0.3600900225056264,0.34433608402100524,0.6069017254313578,0.04876219054763691
20260827,brain_double,JAK2,3441,126.24467895974502,0.3580354548096484,0.34234234234234234,0.6070909619296716,0.05056669572798605
20260827,background_equal,Global,100000,152.68880435529348,0.45721,0.416,0.49511,0.08889
20260827,background_equal,No CHIP,69898,156.70905016190102,0.4401556553835589,0.41290165669976253,0.5243497668030559,0.0627485764971816
20260827,background_equal,DNMT3A,17294,150.05961124550444,0.4638024748467677,0.4156354805134729,0.4740950618711692,0.11026945761535793
20260827,background_equal,TET2,8034,136.06504570055762,0.5367189444859348,0.4325367189444859,0.366940502862833,0.2005227781926811
20260827,background_equal,ASXL1,1333,138.98366143793572,0.5521380345086272,0.43060765191297823,0.350337584396099,0.21905476369092272
20260827,background_equal,JAK2,3441,135.74653248176466,0.5480964835803546,0.43650101714617845,0.36210403952339437,0.2013949433304272
20260828,null,Global,100000,156.32286408150222,0.44111,0.41449,0.52472,0.06079
20260828,null,No CHIP,70009,156.40621428043076,0.4410432944335728,0.4142895913382565,0.5248896570440943,0.06082075161764916
20260828,null,DNMT3A,17206,155.77838843890865,0.4447867023131466,0.41874927350924096,0.5210391723817273,0.060211554109031735
20260828,null,TET2,7866,156.98648652198875,0.4422832443427409,0.41571319603356216,0.5231375540300025,0.06114924993643529
20260828,null,ASXL1,1327,157.29954359907669,0.4400904295403165,0.41446872645064053,0.5169555388093444,0.06857573474001508
20260828,null,JAK2,3592,155.71272939074797,0.4226057906458797,0.39532293986636974,0.5453786191536748,0.05929844097995546
20260828,cardiac,Global,100000,154.36661725782164,0.45943,0.43209,0.50779,0.06012
20260828,cardiac,No CHIP,70009,156.40621428043076,0.4410432944335728,0.4142895913382565,0.5248896570440943,0.06082075161764916
20260828,cardiac,DNMT3A,17206,153.07013512442833,0.4756480297570615,0.4486225735208648,0.4923282575845635,0.05904916889457166
20260828,cardiac,TET2,7866,145.84387341799527,0.543859649122807,0.5124586829392321,0.42995169082125606,0.057589626239511825
20260828,cardiac,ASXL1,1327,146.18086996512724,0.5508666164280331,0.5184626978146194,0.41446872645064053,0.06706857573474001
20260828,cardiac,JAK2,3592,145.84252254088733,0.5214365256124721,0.4919265033407572,0.4535077951002227,0.05456570155902005
20260828,brain_half,Global,100000,153.498537324533,0.4514,0.42461,0.51548,0.05991
20260828,brain_half,No CHIP,70009,156.40621428043076,0.4410432944335728,0.4142895913382565,0.5248896570440943,0.06082075161764916
20260828,brain_half,DNMT3A,17206,151.8077545636108,0.4629780309194467,0.43670812507264906,0.5044170638149482,0.05887481111240265
20260828,brain_half,TET2,7866,142.52843005595818,0.4983473175692855,0.47012458682939234,0.47342995169082125,0.05644546147978642
20260828,brain_half,ASXL1,1327,143.06045929643065,0.5003767897513187,0.47324792765636775,0.4619442351168048,0.06480783722682742
20260828,brain_half,JAK2,3592,141.7673981684699,0.4768930957683742,0.45016703786191536,0.49693763919821826,0.05289532293986637
20260828,brain_equal,Global,100000,152.38914697975486,0.44274,0.41663,0.52385,0.05952
20260828,brain_equal,No CHIP,70009,156.40621428043076,0.4410432944335728,0.4142895913382565,0.5248896570440943,0.06082075161764916
20260828,brain_equal,DNMT3A,17206,150.2310260360518,0.44751830756712774,0.4223526676740672,0.5196443101243752,0.0580030222015576
20260828,brain_equal,TET2,7866,138.25528393388626,0.45194508009153317,0.428044749555047,0.5170353419781337,0.05491990846681922
20260828,brain_equal,ASXL1,1327,137.64021041793228,0.4483798040693293,0.4242652599849284,0.5139412207987942,0.06179351921627732
20260828,brain_equal,JAK2,3592,136.73427741856608,0.4306792873051225,0.4070155902004454,0.5423162583518931,0.05066815144766147
20260828,brain_double,Global,100000,149.90699464666395,0.42588,0.40094,0.54036,0.0587
20260828,brain_double,No CHIP,70009,156.40621428043076,0.4410432944335728,0.4142895913382565,0.5248896570440943,0.06082075161764916
20260828,brain_double,DNMT3A,17206,146.70992542091682,0.41967918168080903,0.3963733581308846,0.547425316749971,0.05620132511914448
20260828,brain_double,TET2,7866,127.86014034889553,0.3590134757182812,0.34248665141113654,0.6074243579964403,0.05008899059242309
20260828,brain_double,ASXL1,1327,128.6915876739524,0.3519216277317257,0.3308214016578749,0.6111529766390355,0.058025621703089676
20260828,brain_double,JAK2,3592,126.58047836083571,0.33379732739420936,0.31653674832962136,0.6350222717149221,0.04844097995545657
20260828,background_equal,Global,100000,152.5900750871972,0.45943,0.41856,0.49465,0.08679
20260828,background_equal,No CHIP,70009,156.40621428043076,0.4410432944335728,0.4142895913382565,0.5248896570440943,0.06082075161764916
20260828,background_equal,DNMT3A,17206,150.19804503764726,0.4756480297570615,0.42508427292804835,0.46489596652330584,0.11001976054864582
20260828,background_equal,TET2,7866,138.52591255949233,0.543859649122807,0.4380879735570811,0.36651411136536993,0.19539791507754894
20260828,background_equal,ASXL1,1327,138.78930648028467,0.5508666164280331,0.4385832705350414,0.34815373021853807,0.2132629992464205
20260828,background_equal,JAK2,3592,137.70761050707634,0.5214365256124721,0.42037861915367486,0.3825167037861915,0.19710467706013363
