driver,n,age,q10_VAF_pct,median_VAF_pct,q90_VAF_pct,mean_VAF_pct,fraction_above_2pct
DNMT3A,17337,20,0.0,0.0,0.0,0.0,0.0
DNMT3A,17337,22,0.0,0.0,0.0,0.019376377519851405,0.009113456768760455
DNMT3A,17337,24,0.0,0.0,0.0,0.041443260802575224,0.0183422737497837
DNMT3A,17337,26,0.0,0.0,0.0,0.06985447596200828,0.029013093384091828
DNMT3A,17337,28,0.0,0.0,0.0,0.10508284277266483,0.04095287535329065
DNMT3A,17337,30,0.0,0.0,0.0,0.1477594261861198,0.05393089923285459
DNMT3A,17337,32,0.0,0.0,0.0,0.1982164654130643,0.06760108438599527
DNMT3A,17337,34,0.0,0.0,0.0,0.26050739499593534,0.08334775335986619
DNMT3A,17337,36,0.0,0.0,2.004666163703168,0.33526641047764,0.10059410509315338
DNMT3A,17337,38,0.0,0.0,2.1487329266864763,0.42231177810851744,0.1184172578877545
DNMT3A,17337,40,0.0,0.0,2.3361472301546993,0.5301128025942796,0.13993193747476496
DNMT3A,17337,42,0.0,0.0,2.583226964486778,0.6569134976955275,0.16340774067024283
DNMT3A,17337,44,0.0,0.0,2.8788180869586055,0.8016581671165842,0.1872873046086405
DNMT3A,17337,46,0.0,0.0,3.1933697639844576,0.9682698811892898,0.21255119109419163
DNMT3A,17337,48,0.0,0.0,3.5995131909330698,1.164174797788084,0.24179500490280903
DNMT3A,17337,50,0.0,0.0,4.069813292447461,1.3806837734041928,0.2695391359520102
DNMT3A,17337,52,0.0,0.0,4.609541666723991,1.6344409757583058,0.3031089577204822
DNMT3A,17337,54,0.0,0.0,5.213616552303074,1.9204855608723344,0.3388706235219473
DNMT3A,17337,56,0.0,0.0,5.981197713404795,2.2367064811265527,0.3750937301724635
DNMT3A,17337,58,0.0,0.0,6.838907058344532,2.595453384054029,0.4167387667993309
DNMT3A,17337,60,0.0,0.0,7.8451340824946305,2.990581837536417,0.459364365230432
DNMT3A,17337,62,0.0,2.0135916998855223,8.938979232759923,3.428111813738885,0.5049316490742343
DNMT3A,17337,64,0.0,2.1521966493151155,10.179898459587038,3.9099531039955564,0.5531522178000807
DNMT3A,17337,66,0.0,2.3285992124759325,11.629012690020776,4.43425066657786,0.6022379881178981
DNMT3A,17337,68,0.0,2.5276506477398097,13.217983536644683,5.005240716378479,0.6531695218319201
DNMT3A,17337,70,0.0,2.7710592575675332,15.020609475443617,5.627343413780933,0.7069273807463806
DNMT3A,17337,72,0.0,3.050518479206017,16.912690359797487,6.299967842256876,0.7620118821018631
DNMT3A,17337,74,0.0,3.3708664810904483,19.067360256544397,7.030808630839101,0.8207302301436235
DNMT3A,17337,76,0.0,3.7440635923971297,21.20901948868239,7.815252168811328,0.8795639383976467
DNMT3A,17337,78,2.0883246163465845,4.183554072350199,23.519591858657435,8.660420354956132,0.9409932514275826
DNMT3A,17337,80,2.23166581104791,4.682206478687878,25.985245322478402,9.556938012417366,1.0
DNMT3A,17337,82,2.3948895999218,5.273394189929922,28.440124604376518,10.384787137643938,1.0
DNMT3A,17337,84,2.5397929082085176,5.889134203432413,30.876435628486043,11.252866529168442,1.0
DNMT3A,17337,86,2.6697864949127665,6.639869616412679,33.32257396986598,12.158182761142536,1.0
DNMT3A,17337,88,2.795747400412064,7.422145504745202,35.37226623800852,13.0968633877471,1.0
DNMT3A,17337,90,2.9053482732944964,8.335720416631704,37.46389808244617,14.064176506460496,1.0
DNMT3A,17337,92,3.023845359209021,9.306444490983173,39.29658636528614,15.05461053085732,1.0
DNMT3A,17337,94,3.1401397023107247,10.376938869925642,40.967818685502934,16.062020834568816,1.0
DNMT3A,17337,96,3.2590761124159933,11.51459955240494,42.42041244508772,17.07982768689699,1.0
DNMT3A,17337,98,3.377246227571723,12.691052464348921,43.70665156658014,18.101252564420808,1.0
DNMT3A,17337,100,3.4918278489368206,13.969491869285163,44.807813905223355,19.11958609872503,1.0
DNMT3A,17337,102,3.6128851449433292,15.323223329985598,45.69817605774821,20.12846579829969,1.0
DNMT3A,17337,104,3.7319833779304212,16.761773975516185,46.47604743384363,21.12212320372642,1.0
DNMT3A,17337,106,3.8653472948565315,18.211887751606376,47.15084063255646,22.09556289930166,1.0
DNMT3A,17337,108,4.003456951568469,19.710082350602693,47.67849316516311,23.044656971648095,1.0
DNMT3A,17337,110,4.132285031739433,21.232883077121418,48.129608377075755,23.966160866713533,1.0
TET2,7986,20,0.0,0.0,0.0,0.0,0.0
TET2,7986,22,0.0,0.0,0.0,0.016528531811721165,0.007387928875532182
TET2,7986,24,0.0,0.0,0.0,0.04050133241797023,0.01652892561983471
TET2,7986,26,0.0,0.0,0.0,0.0740155631604283,0.027548209366391185
TET2,7986,28,0.0,0.0,0.0,0.11606272561935217,0.03919358878036564
TET2,7986,30,0.0,0.0,0.0,0.17247716236972496,0.052967693463561234
TET2,7986,32,0.0,0.0,0.0,0.24264264428734506,0.06724267468069121
TET2,7986,34,0.0,0.0,0.0,0.33781994707546154,0.08564988730277986
TET2,7986,36,0.0,0.0,2.013432602094505,0.44716977806904656,0.10080140245429502
TET2,7986,38,0.0,0.0,2.3197230025563798,0.5859957622087872,0.11945905334335086
TET2,7986,40,0.0,0.0,2.6647855584868196,0.7487227526321556,0.13711495116453795
TET2,7986,42,0.0,0.0,3.1553216527866894,0.9474484563852112,0.15802654645629852
TET2,7986,44,0.0,0.0,3.751044086641401,1.1900017392149407,0.18432256448785375
TET2,7986,46,0.0,0.0,4.474111085306707,1.4640680886500637,0.20823941898322063
TET2,7986,48,0.0,0.0,5.354349286475065,1.783138047679138,0.236038066616579
TET2,7986,50,0.0,0.0,6.405039000995625,2.1492096610460267,0.2664663160530929
TET2,7986,52,0.0,0.0,7.67640875256747,2.5630771100665837,0.29877285249186075
TET2,7986,54,0.0,0.0,9.133672034240229,3.029902437285378,0.33433508640120213
TET2,7986,56,0.0,0.0,10.744939503414027,3.5534558248112558,0.373153017781117
TET2,7986,58,0.0,0.0,12.805976593975302,4.122624182037977,0.4085900325569747
TET2,7986,60,0.0,0.0,15.178930343437855,4.755076543447871,0.4476584022038568
TET2,7986,62,0.0,0.0,17.744900657897304,5.4606213926277825,0.49386426245930376
TET2,7986,64,0.0,2.2462250945062348,20.689404617775125,6.23579966596473,0.5434510393188079
TET2,7986,66,0.0,2.6189906443063,23.675585546801628,7.080173705702017,0.5945404457801152
TET2,7986,68,0.0,3.060268763678129,26.783816350956283,8.003529008715562,0.6498873027798647
TET2,7986,70,0.0,3.5824747628535754,29.854027459280125,8.998136399047688,0.7039819684447783
TET2,7986,72,0.0,4.253789605722657,32.730424046905746,10.073463701266489,0.759954921111946
TET2,7986,74,0.0,5.053615211293259,35.42093113737152,11.233844213266277,0.8188079138492361
TET2,7986,76,0.0,6.005203357180927,37.725848538311546,12.482452778928758,0.8804157275231655
TET2,7986,78,2.1696543759779434,7.209060148101802,39.946756318701276,13.815807307462443,0.9418983220636113
TET2,7986,80,2.493504108769085,8.44346432283879,41.87204826766132,15.228525289762167,1.0
TET2,7986,82,2.8933048088615525,9.918807960389032,43.62231584320567,16.597280853224504,1.0
TET2,7986,84,3.324424895536391,11.558738417192298,44.90755970411897,18.019971864691854,1.0
TET2,7986,86,3.7325107655818917,13.509440844309546,46.04313144361366,19.486232513147005,1.0
TET2,7986,88,4.160711826086434,15.65762131944541,46.91156207124406,20.983382578050225,1.0
TET2,7986,90,4.622293923585123,18.056855775582882,47.62042387427857,22.49695690795711,1.0
TET2,7986,92,5.111892919619345,20.58750131845801,48.14471682453041,24.011339685920145,1.0
TET2,7986,94,5.556620820300503,23.455991847737394,48.574891650743744,25.510466138151074,1.0
TET2,7986,96,6.065727341142394,26.088848204554992,48.91591339918725,26.978638706611164,1.0
TET2,7986,98,6.589884215842825,28.7124635847804,49.18992348382513,28.40145612385041,1.0
TET2,7986,100,7.137763926498389,31.381411490576333,49.399822366759025,29.766708140759306,1.0
TET2,7986,102,7.73017164768982,33.77710237474899,49.54376692061867,31.065010513710725,1.0
TET2,7986,104,8.321511915638197,35.966150193990515,49.669870357261686,32.29003674394907,1.0
TET2,7986,106,9.018814910677708,38.022102406225656,49.75642455246551,33.43836477077861,1.0
TET2,7986,108,9.737129185760967,39.845107058474454,49.82144129050138,34.50906821554431,1.0
TET2,7986,110,10.408131215667028,41.39703784036265,49.867235417349534,35.50319910965278,1.0
ASXL1,1200,20,0.0,0.0,0.0,0.0,0.0
ASXL1,1200,22,0.0,0.0,0.0,0.01825352958318371,0.008333333333333333
ASXL1,1200,24,0.0,0.0,0.0,0.041276671727785576,0.016666666666666666
ASXL1,1200,26,0.0,0.0,0.0,0.06661218504664833,0.024166666666666666
ASXL1,1200,28,0.0,0.0,0.0,0.10832883603496674,0.03666666666666667
ASXL1,1200,30,0.0,0.0,0.0,0.1591960834147385,0.049166666666666664
ASXL1,1200,32,0.0,0.0,0.0,0.23486227330201828,0.0675
ASXL1,1200,34,0.0,0.0,0.0,0.3315111774560202,0.08833333333333333
ASXL1,1200,36,0.0,0.0,2.0641805681812873,0.4393606431865993,0.105
ASXL1,1200,38,0.0,0.0,2.410379447839572,0.5748033484968179,0.12416666666666666
ASXL1,1200,40,0.0,0.0,2.7422253077476153,0.7251393379952615,0.13833333333333334
ASXL1,1200,42,0.0,0.0,3.268680452422548,0.9140407906588316,0.1575
ASXL1,1200,44,0.0,0.0,3.846125658615565,1.1351835311016973,0.1775
ASXL1,1200,46,0.0,0.0,4.305080204883401,1.4048340324351762,0.20416666666666666
ASXL1,1200,48,0.0,0.0,5.123004063109971,1.7282033264617955,0.23833333333333334
ASXL1,1200,50,0.0,0.0,6.025028811562625,2.0666403981298513,0.26
ASXL1,1200,52,0.0,0.0,7.335874839503376,2.4781135167464305,0.2966666666666667
ASXL1,1200,54,0.0,0.0,8.900106316766133,2.927220494538497,0.32916666666666666
ASXL1,1200,56,0.0,0.0,10.617466393862095,3.4341091895085043,0.36666666666666664
ASXL1,1200,58,0.0,0.0,12.514676779294122,3.987467493101825,0.4033333333333333
ASXL1,1200,60,0.0,0.0,14.85329088870052,4.60860373062297,0.44666666666666666
ASXL1,1200,62,0.0,0.0,17.24208020697158,5.298879299400058,0.49583333333333335
ASXL1,1200,64,0.0,2.202110833821589,19.532365245549048,6.041598893895064,0.5425
ASXL1,1200,66,0.0,2.5147824260605014,22.390898683798724,6.8563406905504385,0.5925
ASXL1,1200,68,0.0,2.9500224124368644,24.995753638724654,7.742148670528326,0.6441666666666667
ASXL1,1200,70,0.0,3.5011188892775156,28.074311341020366,8.709291544638882,0.7008333333333333
ASXL1,1200,72,0.0,4.209290737824254,30.75973402934894,9.753541386668076,0.7591666666666667
ASXL1,1200,74,0.0,4.956252569886615,33.521268169785486,10.85299721260777,0.8075
ASXL1,1200,76,0.0,5.781319991465095,36.12449129880434,12.06439298078003,0.8725
ASXL1,1200,78,2.1662149741847436,6.70478598631539,38.67168824252595,13.363582300923945,0.9391666666666667
ASXL1,1200,80,2.4822888714797986,7.968464428241475,40.82320009404899,14.736527940091698,1.0
ASXL1,1200,82,2.829875876382479,9.354804031811653,42.37459751661197,16.06019068423075,1.0
ASXL1,1200,84,3.2194229028856562,10.654880580800207,43.964925991860184,17.439405663823763,1.0
ASXL1,1200,86,3.601556844130531,12.67553857338894,45.089444822547065,18.865433589727733,1.0
ASXL1,1200,88,3.937071801357429,14.65523801953359,46.265119964381455,20.326885034761236,1.0
ASXL1,1200,90,4.362479793569597,16.86565579642215,47.003787815734626,21.809897418065873,1.0
ASXL1,1200,92,4.73077248064132,19.45518596394472,47.78106768995963,23.29854052944718,1.0
ASXL1,1200,94,5.195656643855623,22.268109299014846,48.37082704302152,24.7756625585639,1.0
ASXL1,1200,96,5.667007483350341,24.675182159435558,48.769221631940766,26.22430840010046,1.0
ASXL1,1200,98,6.156219423285831,26.939632435036053,49.04321868209788,27.629382669549667,1.0
ASXL1,1200,100,6.737223683015186,29.433215547825945,49.27848543243825,28.97890843914566,1.0
ASXL1,1200,102,7.289755792464845,32.06081075180467,49.450840290479675,30.264471221190046,1.0
ASXL1,1200,104,7.942543446698055,34.31871842698749,49.592163973891786,31.48094074590168,1.0
ASXL1,1200,106,8.673816583946742,36.29346598574446,49.6885474457256,32.6258370131817,1.0
ASXL1,1200,108,9.397982021108719,38.631812243655794,49.76876021630609,33.69866094824339,1.0
ASXL1,1200,110,10.129669218790625,40.4287119739453,49.83218530677521,34.70034355550501,1.0
JAK2,3438,20,0.0,0.0,0.0,0.0,0.0
JAK2,3438,22,0.0,0.0,0.0,0.0216088471459954,0.009016870273414777
JAK2,3438,24,0.0,0.0,0.0,0.05243994889207098,0.019197207678883072
JAK2,3438,26,0.0,0.0,0.0,0.08735637849100998,0.02675974403723095
JAK2,3438,28,0.0,0.0,0.0,0.13852430841385924,0.03606748109365911
JAK2,3438,30,0.0,0.0,0.0,0.215088115668834,0.05002908667830134
JAK2,3438,32,0.0,0.0,0.0,0.3083278943674411,0.06195462478184991
JAK2,3438,34,0.0,0.0,0.0,0.43157597988077034,0.07707969749854567
JAK2,3438,36,0.0,0.0,0.0,0.585539549940595,0.09307737056428156
JAK2,3438,38,0.0,0.0,2.1603426968267487,0.7854130221812,0.11489237929028505
JAK2,3438,40,0.0,0.0,2.497157457174499,1.0152200978890864,0.13205351948807445
JAK2,3438,42,0.0,0.0,2.983014578982689,1.2899623465649008,0.15212332751599766
JAK2,3438,44,0.0,0.0,3.6226476531288134,1.6033507254951282,0.17277486910994763
JAK2,3438,46,0.0,0.0,4.493971258202815,1.9642634183557193,0.1977894124490983
JAK2,3438,48,0.0,0.0,5.6615206872215085,2.3741609767112046,0.2283304246655032
JAK2,3438,50,0.0,0.0,7.310383499156291,2.8310366547246195,0.26090750436300175
JAK2,3438,52,0.0,0.0,8.87173276612614,3.338157897003441,0.2952297847585806
JAK2,3438,54,0.0,0.0,11.208364830873512,3.9012658090094487,0.3307155322862129
JAK2,3438,56,0.0,0.0,14.203646460005137,4.519957154642147,0.36620127981384526
JAK2,3438,58,0.0,0.0,17.539894050655974,5.215513603383585,0.4107038976148924
JAK2,3438,60,0.0,0.0,21.511699678397765,5.972412107761513,0.4534613147178592
JAK2,3438,62,0.0,0.0,25.476745168036434,6.800560963235406,0.4973821989528796
JAK2,3438,64,0.0,2.2175863769887587,29.59682131783798,7.702460639516749,0.5415939499709134
JAK2,3438,66,0.0,2.60116042498115,33.52944179668524,8.698366177674012,0.5933682373472949
JAK2,3438,68,0.0,3.0930677484204647,37.36730300900019,9.764574713661297,0.6399069226294357
JAK2,3438,70,0.0,3.6674951406976755,40.53015183647197,10.920733694241337,0.6922629435718441
JAK2,3438,72,0.0,4.374230850786727,43.21490921507209,12.172740324248872,0.7527632344386271
JAK2,3438,74,0.0,5.367099126412755,45.10577738342553,13.512525141551471,0.8167539267015707
JAK2,3438,76,0.0,6.536847800226637,46.6050554039454,14.929140790895929,0.8778359511343804
JAK2,3438,78,2.1320768781674295,7.898112996139552,47.68032517842035,16.423685864258726,0.93717277486911
JAK2,3438,80,2.418884982302332,9.64907745039,48.468807846692876,18.010745705248734,1.0
JAK2,3438,82,2.7903094419474885,11.655068429539954,48.964213379746674,19.53986933756883,1.0
JAK2,3438,84,3.0859062054320487,14.00470288053414,49.288920145657436,21.1080667774144,1.0
JAK2,3438,86,3.352708944410828,16.71085443941955,49.514935570840755,22.695080336989886,1.0
JAK2,3438,88,3.6175140860394412,19.9270662612977,49.69407882179954,24.274838188447323,1.0
JAK2,3438,90,3.8445727142052477,23.51458533543728,49.80040004879677,25.81862821274874,1.0
JAK2,3438,92,4.137038920469562,26.89349024147031,49.86241610777959,27.30048718335908,1.0
JAK2,3438,94,4.423944567184998,30.18543091204027,49.91043296546087,28.701153483713778,1.0
JAK2,3438,96,4.755864258044559,33.49983721853832,49.941096479515025,30.009184237711803,1.0
JAK2,3438,98,5.068152461735392,36.08137675502772,49.96163705046866,31.22011541907519,1.0
JAK2,3438,100,5.423606266605863,38.75749533327629,49.97545363465255,32.33470091283531,1.0
JAK2,3438,102,5.6964424485046425,40.88533313303705,49.984515707473015,33.35701804261562,1.0
JAK2,3438,104,6.09592270154394,42.8768969723525,49.98992958269325,34.29293819214421,1.0
JAK2,3438,106,6.527796874231235,44.20155690271081,49.99318679596713,35.14908772898215,1.0
JAK2,3438,108,6.89774884027748,45.32983196353254,49.99554692204292,35.932218332258515,1.0
JAK2,3438,110,7.333893057536756,46.36912899515472,49.99732334297806,36.64886347090886,1.0
